; CSV, generated by atk_libsigrok4 1.0.0 on 2026-08-22 08:26:03
; Channels (1/16)
; ChannelsType: 1
; Sample rate: 10 MHz
; Sample count: 1.907349 M
; Sampling time: 2026-08-22 08:25:54.086
SystemTime, Time(s), meow
'2026-08-22 08:25:54.086000000,0.000000000,1
'2026-08-22 08:25:54.086001600,0.000001600,0
'2026-08-22 08:25:54.086009600,0.000009600,1
'2026-08-22 08:25:54.086024200,0.000024200,0
'2026-08-22 08:25:54.086035600,0.000035600,1
'2026-08-22 08:25:54.086050400,0.000050400,0
'2026-08-22 08:25:54.086061600,0.000061600,1
'2026-08-22 08:25:54.086076400,0.000076400,0
'2026-08-22 08:25:54.086076600,0.000076600,1
'2026-08-22 08:25:54.086076700,0.000076700,0
'2026-08-22 08:25:54.086087700,0.000087700,1
'2026-08-22 08:25:54.086102500,0.000102500,0
'2026-08-22 08:25:54.086106300,0.000106300,1
'2026-08-22 08:25:54.086106400,0.000106400,0
'2026-08-22 08:25:54.086113700,0.000113700,1
'2026-08-22 08:25:54.086128600,0.000128600,0
'2026-08-22 08:25:54.086139800,0.000139800,1
'2026-08-22 08:25:54.086154600,0.000154600,0
'2026-08-22 08:25:54.086154800,0.000154800,1
'2026-08-22 08:25:54.086155000,0.000155000,0
'2026-08-22 08:25:54.086155500,0.000155500,1
'2026-08-22 08:25:54.086155600,0.000155600,0
'2026-08-22 08:25:54.086165800,0.000165800,1
'2026-08-22 08:25:54.086180800,0.000180800,0
'2026-08-22 08:25:54.086181000,0.000181000,1
'2026-08-22 08:25:54.086181100,0.000181100,0
'2026-08-22 08:25:54.086181600,0.000181600,1
'2026-08-22 08:25:54.086181700,0.000181700,0
'2026-08-22 08:25:54.086182800,0.000182800,1
'2026-08-22 08:25:54.086182900,0.000182900,0
'2026-08-22 08:25:54.086183400,0.000183400,1
'2026-08-22 08:25:54.086183500,0.000183500,0
'2026-08-22 08:25:54.086191800,0.000191800,1
'2026-08-22 08:25:54.086206900,0.000206900,0
'2026-08-22 08:25:54.086207000,0.000207000,1
'2026-08-22 08:25:54.086207100,0.000207100,0
'2026-08-22 08:25:54.086207200,0.000207200,1
'2026-08-22 08:25:54.086207400,0.000207400,0
'2026-08-22 08:25:54.086212000,0.000212000,1
'2026-08-22 08:25:54.086212100,0.000212100,0
'2026-08-22 08:25:54.086212900,0.000212900,1
'2026-08-22 08:25:54.086213000,0.000213000,0
'2026-08-22 08:25:54.086213100,0.000213100,1
'2026-08-22 08:25:54.086213300,0.000213300,0
'2026-08-22 08:25:54.086213700,0.000213700,1
'2026-08-22 08:25:54.086213900,0.000213900,0
'2026-08-22 08:25:54.086216000,0.000216000,1
'2026-08-22 08:25:54.086216100,0.000216100,0
'2026-08-22 08:25:54.086216600,0.000216600,1
'2026-08-22 08:25:54.086216700,0.000216700,0
'2026-08-22 08:25:54.086217300,0.000217300,1
'2026-08-22 08:25:54.086217400,0.000217400,0
'2026-08-22 08:25:54.086217800,0.000217800,1
'2026-08-22 08:25:54.086233200,0.000233200,0
'2026-08-22 08:25:54.086233300,0.000233300,1
'2026-08-22 08:25:54.086233800,0.000233800,0
'2026-08-22 08:25:54.086233900,0.000233900,1
'2026-08-22 08:25:54.086234000,0.000234000,0
'2026-08-22 08:25:54.086234100,0.000234100,1
'2026-08-22 08:25:54.086234300,0.000234300,0
'2026-08-22 08:25:54.086234400,0.000234400,1
'2026-08-22 08:25:54.086234500,0.000234500,0
'2026-08-22 08:25:54.086234700,0.000234700,1
'2026-08-22 08:25:54.086234900,0.000234900,0
'2026-08-22 08:25:54.086235300,0.000235300,1
'2026-08-22 08:25:54.086235400,0.000235400,0
'2026-08-22 08:25:54.086235900,0.000235900,1
'2026-08-22 08:25:54.086236100,0.000236100,0
'2026-08-22 08:25:54.086236300,0.000236300,1
'2026-08-22 08:25:54.086236400,0.000236400,0
'2026-08-22 08:25:54.086236500,0.000236500,1
'2026-08-22 08:25:54.086236800,0.000236800,0
'2026-08-22 08:25:54.086237100,0.000237100,1
'2026-08-22 08:25:54.086237300,0.000237300,0
'2026-08-22 08:25:54.086237700,0.000237700,1
'2026-08-22 08:25:54.086237800,0.000237800,0
'2026-08-22 08:25:54.086238200,0.000238200,1
'2026-08-22 08:25:54.086238300,0.000238300,0
'2026-08-22 08:25:54.086239400,0.000239400,1
'2026-08-22 08:25:54.086239500,0.000239500,0
'2026-08-22 08:25:54.086240000,0.000240000,1
'2026-08-22 08:25:54.086240100,0.000240100,0
'2026-08-22 08:25:54.086240600,0.000240600,1
'2026-08-22 08:25:54.086240700,0.000240700,0
'2026-08-22 08:25:54.086241700,0.000241700,1
'2026-08-22 08:25:54.086241900,0.000241900,0
'2026-08-22 08:25:54.086242300,0.000242300,1
'2026-08-22 08:25:54.086242400,0.000242400,0
'2026-08-22 08:25:54.086242900,0.000242900,1
'2026-08-22 08:25:54.086243000,0.000243000,0
'2026-08-22 08:25:54.086243500,0.000243500,1
'2026-08-22 08:25:54.086243600,0.000243600,0
'2026-08-22 08:25:54.086243900,0.000243900,1
'2026-08-22 08:25:54.086259500,0.000259500,0
'2026-08-22 08:25:54.086259800,0.000259800,1
'2026-08-22 08:25:54.086260200,0.000260200,0
'2026-08-22 08:25:54.086260300,0.000260300,1
'2026-08-22 08:25:54.086260700,0.000260700,0
'2026-08-22 08:25:54.086261000,0.000261000,1
'2026-08-22 08:25:54.086261100,0.000261100,0
'2026-08-22 08:25:54.086262200,0.000262200,1
'2026-08-22 08:25:54.086262400,0.000262400,0
'2026-08-22 08:25:54.086262700,0.000262700,1
'2026-08-22 08:25:54.086262900,0.000262900,0
'2026-08-22 08:25:54.086263300,0.000263300,1
'2026-08-22 08:25:54.086263500,0.000263500,0
'2026-08-22 08:25:54.086264600,0.000264600,1
'2026-08-22 08:25:54.086264700,0.000264700,0
'2026-08-22 08:25:54.086265100,0.000265100,1
'2026-08-22 08:25:54.086265200,0.000265200,0
'2026-08-22 08:25:54.086265500,0.000265500,1
'2026-08-22 08:25:54.086265600,0.000265600,0
'2026-08-22 08:25:54.086265700,0.000265700,1
'2026-08-22 08:25:54.086265800,0.000265800,0
'2026-08-22 08:25:54.086266100,0.000266100,1
'2026-08-22 08:25:54.086266200,0.000266200,0
'2026-08-22 08:25:54.086266300,0.000266300,1
'2026-08-22 08:25:54.086266400,0.000266400,0
'2026-08-22 08:25:54.086266500,0.000266500,1
'2026-08-22 08:25:54.086266600,0.000266600,0
'2026-08-22 08:25:54.086266700,0.000266700,1
'2026-08-22 08:25:54.086267000,0.000267000,0
'2026-08-22 08:25:54.086267400,0.000267400,1
'2026-08-22 08:25:54.086268100,0.000268100,0
'2026-08-22 08:25:54.086269900,0.000269900,1
'2026-08-22 08:25:54.086285900,0.000285900,0
'2026-08-22 08:25:54.086286000,0.000286000,1
'2026-08-22 08:25:54.086286400,0.000286400,0
'2026-08-22 08:25:54.086286500,0.000286500,1
'2026-08-22 08:25:54.086287000,0.000287000,0
'2026-08-22 08:25:54.086287100,0.000287100,1
'2026-08-22 08:25:54.086287200,0.000287200,0
'2026-08-22 08:25:54.086287300,0.000287300,1
'2026-08-22 08:25:54.086288200,0.000288200,0
'2026-08-22 08:25:54.086288400,0.000288400,1
'2026-08-22 08:25:54.086288600,0.000288600,0
'2026-08-22 08:25:54.086288900,0.000288900,1
'2026-08-22 08:25:54.086289200,0.000289200,0
'2026-08-22 08:25:54.086290200,0.000290200,1
'2026-08-22 08:25:54.086290300,0.000290300,0
'2026-08-22 08:25:54.086290700,0.000290700,1
'2026-08-22 08:25:54.086291000,0.000291000,0
'2026-08-22 08:25:54.086293300,0.000293300,1
'2026-08-22 08:25:54.086293400,0.000293400,0
'2026-08-22 08:25:54.086293700,0.000293700,1
'2026-08-22 08:25:54.086294000,0.000294000,0
'2026-08-22 08:25:54.086294100,0.000294100,1
'2026-08-22 08:25:54.086294500,0.000294500,0
'2026-08-22 08:25:54.086294600,0.000294600,1
'2026-08-22 08:25:54.086294800,0.000294800,0
'2026-08-22 08:25:54.086294900,0.000294900,1
'2026-08-22 08:25:54.086295000,0.000295000,0
'2026-08-22 08:25:54.086295100,0.000295100,1
'2026-08-22 08:25:54.086295600,0.000295600,0
'2026-08-22 08:25:54.086295900,0.000295900,1
'2026-08-22 08:25:54.086311000,0.000311000,0
'2026-08-22 08:25:54.086311100,0.000311100,1
'2026-08-22 08:25:54.086311600,0.000311600,0
'2026-08-22 08:25:54.086311800,0.000311800,1
'2026-08-22 08:25:54.086312000,0.000312000,0
'2026-08-22 08:25:54.086312200,0.000312200,1
'2026-08-22 08:25:54.086312500,0.000312500,0
'2026-08-22 08:25:54.086312800,0.000312800,1
'2026-08-22 08:25:54.086313200,0.000313200,0
'2026-08-22 08:25:54.086313500,0.000313500,1
'2026-08-22 08:25:54.086314300,0.000314300,0
'2026-08-22 08:25:54.086314500,0.000314500,1
'2026-08-22 08:25:54.086314600,0.000314600,0
'2026-08-22 08:25:54.086314700,0.000314700,1
'2026-08-22 08:25:54.086314900,0.000314900,0
'2026-08-22 08:25:54.086315100,0.000315100,1
'2026-08-22 08:25:54.086315200,0.000315200,0
'2026-08-22 08:25:54.086315300,0.000315300,1
'2026-08-22 08:25:54.086315400,0.000315400,0
'2026-08-22 08:25:54.086315500,0.000315500,1
'2026-08-22 08:25:54.086316300,0.000316300,0
'2026-08-22 08:25:54.086316400,0.000316400,1
'2026-08-22 08:25:54.086316600,0.000316600,0
'2026-08-22 08:25:54.086316700,0.000316700,1
'2026-08-22 08:25:54.086317400,0.000317400,0
'2026-08-22 08:25:54.086317500,0.000317500,1
'2026-08-22 08:25:54.086317800,0.000317800,0
'2026-08-22 08:25:54.086318100,0.000318100,1
'2026-08-22 08:25:54.086318400,0.000318400,0
'2026-08-22 08:25:54.086318700,0.000318700,1
'2026-08-22 08:25:54.086319000,0.000319000,0
'2026-08-22 08:25:54.086319100,0.000319100,1
'2026-08-22 08:25:54.086319200,0.000319200,0
'2026-08-22 08:25:54.086319300,0.000319300,1
'2026-08-22 08:25:54.086319500,0.000319500,0
'2026-08-22 08:25:54.086319900,0.000319900,1
'2026-08-22 08:25:54.086320200,0.000320200,0
'2026-08-22 08:25:54.086320500,0.000320500,1
'2026-08-22 08:25:54.086320700,0.000320700,0
'2026-08-22 08:25:54.086321200,0.000321200,1
'2026-08-22 08:25:54.086321300,0.000321300,0
'2026-08-22 08:25:54.086321500,0.000321500,1
'2026-08-22 08:25:54.086321600,0.000321600,0
'2026-08-22 08:25:54.086321700,0.000321700,1
'2026-08-22 08:25:54.086321900,0.000321900,0
'2026-08-22 08:25:54.086322000,0.000322000,1
'2026-08-22 08:25:54.086339000,0.000339000,0
'2026-08-22 08:25:54.086339100,0.000339100,1
'2026-08-22 08:25:54.086340600,0.000340600,0
'2026-08-22 08:25:54.086340700,0.000340700,1
'2026-08-22 08:25:54.086340800,0.000340800,0
'2026-08-22 08:25:54.086341000,0.000341000,1
'2026-08-22 08:25:54.086341200,0.000341200,0
'2026-08-22 08:25:54.086341500,0.000341500,1
'2026-08-22 08:25:54.086341800,0.000341800,0
'2026-08-22 08:25:54.086342200,0.000342200,1
'2026-08-22 08:25:54.086342300,0.000342300,0
'2026-08-22 08:25:54.086342700,0.000342700,1
'2026-08-22 08:25:54.086342900,0.000342900,0
'2026-08-22 08:25:54.086343300,0.000343300,1
'2026-08-22 08:25:54.086343500,0.000343500,0
'2026-08-22 08:25:54.086343600,0.000343600,1
'2026-08-22 08:25:54.086344200,0.000344200,0
'2026-08-22 08:25:54.086344300,0.000344300,1
'2026-08-22 08:25:54.086345500,0.000345500,0
'2026-08-22 08:25:54.086345600,0.000345600,1
'2026-08-22 08:25:54.086345800,0.000345800,0
'2026-08-22 08:25:54.086346300,0.000346300,1
'2026-08-22 08:25:54.086346500,0.000346500,0
'2026-08-22 08:25:54.086346700,0.000346700,1
'2026-08-22 08:25:54.086347200,0.000347200,0
'2026-08-22 08:25:54.086347300,0.000347300,1
'2026-08-22 08:25:54.086363600,0.000363600,0
'2026-08-22 08:25:54.086363700,0.000363700,1
'2026-08-22 08:25:54.086364600,0.000364600,0
'2026-08-22 08:25:54.086364800,0.000364800,1
'2026-08-22 08:25:54.086365000,0.000365000,0
'2026-08-22 08:25:54.086365200,0.000365200,1
'2026-08-22 08:25:54.086365800,0.000365800,0
'2026-08-22 08:25:54.086365900,0.000365900,1
'2026-08-22 08:25:54.086366400,0.000366400,0
'2026-08-22 08:25:54.086366500,0.000366500,1
'2026-08-22 08:25:54.086367100,0.000367100,0
'2026-08-22 08:25:54.086367200,0.000367200,1
'2026-08-22 08:25:54.086369200,0.000369200,0
'2026-08-22 08:25:54.086369300,0.000369300,1
'2026-08-22 08:25:54.086369400,0.000369400,0
'2026-08-22 08:25:54.086369500,0.000369500,1
'2026-08-22 08:25:54.086370600,0.000370600,0
'2026-08-22 08:25:54.086370700,0.000370700,1
'2026-08-22 08:25:54.086371600,0.000371600,0
'2026-08-22 08:25:54.086371900,0.000371900,1
'2026-08-22 08:25:54.086372200,0.000372200,0
'2026-08-22 08:25:54.086372300,0.000372300,1
'2026-08-22 08:25:54.086372600,0.000372600,0
'2026-08-22 08:25:54.086372800,0.000372800,1
'2026-08-22 08:25:54.086372900,0.000372900,0
'2026-08-22 08:25:54.086373100,0.000373100,1
'2026-08-22 08:25:54.086373200,0.000373200,0
'2026-08-22 08:25:54.086373500,0.000373500,1
'2026-08-22 08:25:54.086373800,0.000373800,0
'2026-08-22 08:25:54.086374100,0.000374100,1
'2026-08-22 08:25:54.086393200,0.000393200,0
'2026-08-22 08:25:54.086393300,0.000393300,1
'2026-08-22 08:25:54.086394200,0.000394200,0
'2026-08-22 08:25:54.086394400,0.000394400,1
'2026-08-22 08:25:54.086394600,0.000394600,0
'2026-08-22 08:25:54.086394700,0.000394700,1
'2026-08-22 08:25:54.086395600,0.000395600,0
'2026-08-22 08:25:54.086395700,0.000395700,1
'2026-08-22 08:25:54.086396000,0.000396000,0
'2026-08-22 08:25:54.086396100,0.000396100,1
'2026-08-22 08:25:54.086396200,0.000396200,0
'2026-08-22 08:25:54.086396300,0.000396300,1
'2026-08-22 08:25:54.086396600,0.000396600,0
'2026-08-22 08:25:54.086396700,0.000396700,1
'2026-08-22 08:25:54.086396800,0.000396800,0
'2026-08-22 08:25:54.086396900,0.000396900,1
'2026-08-22 08:25:54.086398000,0.000398000,0
'2026-08-22 08:25:54.086398100,0.000398100,1
'2026-08-22 08:25:54.086399600,0.000399600,0
'2026-08-22 08:25:54.086399900,0.000399900,1
'2026-08-22 08:25:54.086415300,0.000415300,0
'2026-08-22 08:25:54.086415500,0.000415500,1
'2026-08-22 08:25:54.086422300,0.000422300,0
'2026-08-22 08:25:54.086422600,0.000422600,1
'2026-08-22 08:25:54.086423000,0.000423000,0
'2026-08-22 08:25:54.086423100,0.000423100,1
'2026-08-22 08:25:54.086424200,0.000424200,0
'2026-08-22 08:25:54.086424300,0.000424300,1
'2026-08-22 08:25:54.086426000,0.000426000,0
'2026-08-22 08:25:54.086426100,0.000426100,1
'2026-08-22 08:25:54.086450400,0.000450400,0
'2026-08-22 08:25:54.086450500,0.000450500,1
'2026-08-22 08:25:54.086471400,0.000471400,0
'2026-08-22 08:25:54.086471500,0.000471500,1
'2026-08-22 08:25:54.086494400,0.000494400,0
'2026-08-22 08:25:54.086494500,0.000494500,1
'2026-08-22 08:25:54.086501700,0.000501700,0
'2026-08-22 08:25:54.086501800,0.000501800,1
'2026-08-22 08:25:54.086503000,0.000503000,0
'2026-08-22 08:25:54.086503100,0.000503100,1
'2026-08-22 08:25:54.086551300,0.000551300,0
'2026-08-22 08:25:54.086551400,0.000551400,1
'2026-08-22 08:25:54.086553400,0.000553400,0
'2026-08-22 08:25:54.086553500,0.000553500,1
'2026-08-22 08:25:54.086556200,0.000556200,0
'2026-08-22 08:25:54.086556300,0.000556300,1
'2026-08-22 08:25:54.086576300,0.000576300,0
'2026-08-22 08:25:54.086576400,0.000576400,1
'2026-08-22 08:25:54.086605000,0.000605000,0
'2026-08-22 08:25:54.086605100,0.000605100,1
'2026-08-22 08:25:54.086626600,0.000626600,0
'2026-08-22 08:25:54.086626700,0.000626700,1
'2026-08-22 08:25:54.086630000,0.000630000,0
'2026-08-22 08:25:54.086630100,0.000630100,1
'2026-08-22 08:25:54.086733500,0.000733500,0
'2026-08-22 08:25:54.086733600,0.000733600,1
'2026-08-22 08:25:54.086754200,0.000754200,0
'2026-08-22 08:25:54.086754300,0.000754300,1
'2026-08-22 08:25:54.087177000,0.001177000,0
'2026-08-22 08:25:54.087177100,0.001177100,1
'2026-08-22 08:25:54.090898500,0.004898500,0
'2026-08-22 08:25:54.090898700,0.004898700,1
'2026-08-22 08:25:54.090898800,0.004898800,0
'2026-08-22 08:25:54.090898900,0.004898900,1
'2026-08-22 08:25:54.090899300,0.004899300,0
'2026-08-22 08:25:54.090899500,0.004899500,1
'2026-08-22 08:25:54.090900200,0.004900200,0
'2026-08-22 08:25:54.090900300,0.004900300,1
'2026-08-22 08:25:54.090900400,0.004900400,0
'2026-08-22 08:25:54.090900500,0.004900500,1
'2026-08-22 08:25:54.090902900,0.004902900,0
'2026-08-22 08:25:54.090903000,0.004903000,1
'2026-08-22 08:25:54.090903400,0.004903400,0
'2026-08-22 08:25:54.090903500,0.004903500,1
'2026-08-22 08:25:54.090903800,0.004903800,0
'2026-08-22 08:25:54.090904200,0.004904200,1
'2026-08-22 08:25:54.090904400,0.004904400,0
'2026-08-22 08:25:54.090904700,0.004904700,1
'2026-08-22 08:25:54.090904900,0.004904900,0
'2026-08-22 08:25:54.090905400,0.004905400,1
'2026-08-22 08:25:54.090905500,0.004905500,0
'2026-08-22 08:25:54.090905900,0.004905900,1
'2026-08-22 08:25:54.090906000,0.004906000,0
'2026-08-22 08:25:54.090906500,0.004906500,1
'2026-08-22 08:25:54.090906900,0.004906900,0
'2026-08-22 08:25:54.090907100,0.004907100,1
'2026-08-22 08:25:54.090907200,0.004907200,0
'2026-08-22 08:25:54.090907700,0.004907700,1
'2026-08-22 08:25:54.090907800,0.004907800,0
'2026-08-22 08:25:54.090908000,0.004908000,1
'2026-08-22 08:25:54.090924000,0.004924000,0
'2026-08-22 08:25:54.090924100,0.004924100,1
'2026-08-22 08:25:54.090924200,0.004924200,0
'2026-08-22 08:25:54.090924300,0.004924300,1
'2026-08-22 08:25:54.090924400,0.004924400,0
'2026-08-22 08:25:54.090924500,0.004924500,1
'2026-08-22 08:25:54.090925100,0.004925100,0
'2026-08-22 08:25:54.090925200,0.004925200,1
'2026-08-22 08:25:54.090925300,0.004925300,0
'2026-08-22 08:25:54.090925600,0.004925600,1
'2026-08-22 08:25:54.090925700,0.004925700,0
'2026-08-22 08:25:54.090925800,0.004925800,1
'2026-08-22 08:25:54.090926000,0.004926000,0
'2026-08-22 08:25:54.090926400,0.004926400,1
'2026-08-22 08:25:54.090926700,0.004926700,0
'2026-08-22 08:25:54.090926900,0.004926900,1
'2026-08-22 08:25:54.090927400,0.004927400,0
'2026-08-22 08:25:54.090927600,0.004927600,1
'2026-08-22 08:25:54.090927700,0.004927700,0
'2026-08-22 08:25:54.090928100,0.004928100,1
'2026-08-22 08:25:54.090928400,0.004928400,0
'2026-08-22 08:25:54.090928700,0.004928700,1
'2026-08-22 08:25:54.090928900,0.004928900,0
'2026-08-22 08:25:54.090929000,0.004929000,1
'2026-08-22 08:25:54.090932900,0.004932900,0
'2026-08-22 08:25:54.090933000,0.004933000,1
'2026-08-22 08:25:54.090957600,0.004957600,0
'2026-08-22 08:25:54.090957800,0.004957800,1
'2026-08-22 08:25:54.090976800,0.004976800,0
'2026-08-22 08:25:54.090976900,0.004976900,1
'2026-08-22 08:25:54.090984500,0.004984500,0
'2026-08-22 08:25:54.090984600,0.004984600,1
'2026-08-22 08:25:54.094161600,0.008161600,0
'2026-08-22 08:25:54.094161700,0.008161700,1
'2026-08-22 08:25:54.094179200,0.008179200,0
'2026-08-22 08:25:54.094179400,0.008179400,1
'2026-08-22 08:25:54.094179800,0.008179800,0
'2026-08-22 08:25:54.094180100,0.008180100,1
'2026-08-22 08:25:54.094182100,0.008182100,0
'2026-08-22 08:25:54.094182300,0.008182300,1
'2026-08-22 08:25:54.094182500,0.008182500,0
'2026-08-22 08:25:54.094182600,0.008182600,1
'2026-08-22 08:25:54.094182900,0.008182900,0
'2026-08-22 08:25:54.094183000,0.008183000,1
'2026-08-22 08:25:54.094183400,0.008183400,0
'2026-08-22 08:25:54.094183700,0.008183700,1
'2026-08-22 08:25:54.094184000,0.008184000,0
'2026-08-22 08:25:54.094184100,0.008184100,1
'2026-08-22 08:25:54.094184400,0.008184400,0
'2026-08-22 08:25:54.094184700,0.008184700,1
'2026-08-22 08:25:54.094184800,0.008184800,0
'2026-08-22 08:25:54.094184900,0.008184900,1
'2026-08-22 08:25:54.094185000,0.008185000,0
'2026-08-22 08:25:54.094185400,0.008185400,1
'2026-08-22 08:25:54.094185600,0.008185600,0
'2026-08-22 08:25:54.094185700,0.008185700,1
'2026-08-22 08:25:54.094185800,0.008185800,0
'2026-08-22 08:25:54.094186000,0.008186000,1
'2026-08-22 08:25:54.094186100,0.008186100,0
'2026-08-22 08:25:54.094186300,0.008186300,1
'2026-08-22 08:25:54.094186400,0.008186400,0
'2026-08-22 08:25:54.094186600,0.008186600,1
'2026-08-22 08:25:54.094186700,0.008186700,0
'2026-08-22 08:25:54.094187100,0.008187100,1
'2026-08-22 08:25:54.094187200,0.008187200,0
'2026-08-22 08:25:54.094187800,0.008187800,1
'2026-08-22 08:25:54.094187900,0.008187900,0
'2026-08-22 08:25:54.094188300,0.008188300,1
'2026-08-22 08:25:54.094204800,0.008204800,0
'2026-08-22 08:25:54.094204900,0.008204900,1
'2026-08-22 08:25:54.094205000,0.008205000,0
'2026-08-22 08:25:54.094205200,0.008205200,1
'2026-08-22 08:25:54.094205600,0.008205600,0
'2026-08-22 08:25:54.094205700,0.008205700,1
'2026-08-22 08:25:54.094206200,0.008206200,0
'2026-08-22 08:25:54.094206400,0.008206400,1
'2026-08-22 08:25:54.094206800,0.008206800,0
'2026-08-22 08:25:54.094206900,0.008206900,1
'2026-08-22 08:25:54.094207300,0.008207300,0
'2026-08-22 08:25:54.094207600,0.008207600,1
'2026-08-22 08:25:54.094210100,0.008210100,0
'2026-08-22 08:25:54.094210200,0.008210200,1
'2026-08-22 08:25:54.094212000,0.008212000,0
'2026-08-22 08:25:54.094212100,0.008212100,1
'2026-08-22 08:25:54.094213700,0.008213700,0
'2026-08-22 08:25:54.094213900,0.008213900,1
'2026-08-22 08:25:54.094232700,0.008232700,0
'2026-08-22 08:25:54.094232800,0.008232800,1
'2026-08-22 08:25:54.094235400,0.008235400,0
'2026-08-22 08:25:54.094235500,0.008235500,1
'2026-08-22 08:25:54.094237200,0.008237200,0
'2026-08-22 08:25:54.094237300,0.008237300,1
'2026-08-22 08:25:54.094258300,0.008258300,0
'2026-08-22 08:25:54.094258400,0.008258400,1
'2026-08-22 08:25:54.094991400,0.008991400,0
'2026-08-22 08:25:54.094991500,0.008991500,1
'2026-08-22 08:25:54.096602000,0.010602000,0
'2026-08-22 08:25:54.096602300,0.010602300,1
'2026-08-22 08:25:54.096602500,0.010602500,0
'2026-08-22 08:25:54.096602700,0.010602700,1
'2026-08-22 08:25:54.096603200,0.010603200,0
'2026-08-22 08:25:54.096603300,0.010603300,1
'2026-08-22 08:25:54.096603400,0.010603400,0
'2026-08-22 08:25:54.096603500,0.010603500,1
'2026-08-22 08:25:54.096603900,0.010603900,0
'2026-08-22 08:25:54.096604000,0.010604000,1
'2026-08-22 08:25:54.096604300,0.010604300,0
'2026-08-22 08:25:54.096604700,0.010604700,1
'2026-08-22 08:25:54.096605400,0.010605400,0
'2026-08-22 08:25:54.096605800,0.010605800,1
'2026-08-22 08:25:54.096606000,0.010606000,0
'2026-08-22 08:25:54.096607000,0.010607000,1
'2026-08-22 08:25:54.096607200,0.010607200,0
'2026-08-22 08:25:54.096607500,0.010607500,1
'2026-08-22 08:25:54.096607600,0.010607600,0
'2026-08-22 08:25:54.096608200,0.010608200,1
'2026-08-22 08:25:54.096608300,0.010608300,0
'2026-08-22 08:25:54.096609300,0.010609300,1
'2026-08-22 08:25:54.096625500,0.010625500,0
'2026-08-22 08:25:54.096625600,0.010625600,1
'2026-08-22 08:25:54.096626000,0.010626000,0
'2026-08-22 08:25:54.096626100,0.010626100,1
'2026-08-22 08:25:54.096626500,0.010626500,0
'2026-08-22 08:25:54.096626700,0.010626700,1
'2026-08-22 08:25:54.096627600,0.010627600,0
'2026-08-22 08:25:54.096627700,0.010627700,1
'2026-08-22 08:25:54.096628800,0.010628800,0
'2026-08-22 08:25:54.096629000,0.010629000,1
'2026-08-22 08:25:54.096629100,0.010629100,0
'2026-08-22 08:25:54.096629200,0.010629200,1
'2026-08-22 08:25:54.096629300,0.010629300,0
'2026-08-22 08:25:54.096629800,0.010629800,1
'2026-08-22 08:25:54.096629900,0.010629900,0
'2026-08-22 08:25:54.096630300,0.010630300,1
'2026-08-22 08:25:54.096630500,0.010630500,0
'2026-08-22 08:25:54.096630900,0.010630900,1
'2026-08-22 08:25:54.096631100,0.010631100,0
'2026-08-22 08:25:54.096631300,0.010631300,1
'2026-08-22 08:25:54.096631600,0.010631600,0
'2026-08-22 08:25:54.096632100,0.010632100,1
'2026-08-22 08:25:54.096632200,0.010632200,0
'2026-08-22 08:25:54.096632500,0.010632500,1
'2026-08-22 08:25:54.096632600,0.010632600,0
'2026-08-22 08:25:54.096632700,0.010632700,1
'2026-08-22 08:25:54.096632900,0.010632900,0
'2026-08-22 08:25:54.096633300,0.010633300,1
'2026-08-22 08:25:54.096633500,0.010633500,0
'2026-08-22 08:25:54.096633800,0.010633800,1
'2026-08-22 08:25:54.096634000,0.010634000,0
'2026-08-22 08:25:54.096634300,0.010634300,1
'2026-08-22 08:25:54.096634600,0.010634600,0
'2026-08-22 08:25:54.096634700,0.010634700,1
'2026-08-22 08:25:54.096652000,0.010652000,0
'2026-08-22 08:25:54.096652200,0.010652200,1
'2026-08-22 08:25:54.096653500,0.010653500,0
'2026-08-22 08:25:54.096653600,0.010653600,1
'2026-08-22 08:25:54.096654800,0.010654800,0
'2026-08-22 08:25:54.096654900,0.010654900,1
'2026-08-22 08:25:54.096655000,0.010655000,0
'2026-08-22 08:25:54.096655200,0.010655200,1
'2026-08-22 08:25:54.096655600,0.010655600,0
'2026-08-22 08:25:54.096655700,0.010655700,1
'2026-08-22 08:25:54.096655800,0.010655800,0
'2026-08-22 08:25:54.096655900,0.010655900,1
'2026-08-22 08:25:54.096656300,0.010656300,0
'2026-08-22 08:25:54.096656400,0.010656400,1
'2026-08-22 08:25:54.096659200,0.010659200,0
'2026-08-22 08:25:54.096659300,0.010659300,1
'2026-08-22 08:25:54.096660800,0.010660800,0
'2026-08-22 08:25:54.096660900,0.010660900,1
'2026-08-22 08:25:54.096661000,0.010661000,0
'2026-08-22 08:25:54.096661300,0.010661300,1
'2026-08-22 08:25:54.096681300,0.010681300,0
'2026-08-22 08:25:54.096681400,0.010681400,1
'2026-08-22 08:25:54.096685600,0.010685600,0
'2026-08-22 08:25:54.096685700,0.010685700,1
'2026-08-22 08:25:54.096686600,0.010686600,0
'2026-08-22 08:25:54.096686800,0.010686800,1
'2026-08-22 08:25:54.096713400,0.010713400,0
'2026-08-22 08:25:54.096713500,0.010713500,1
'2026-08-22 08:25:54.096737900,0.010737900,0
'2026-08-22 08:25:54.096738000,0.010738000,1
'2026-08-22 08:25:54.097438600,0.011438600,0
'2026-08-22 08:25:54.097438700,0.011438700,1
'2026-08-22 08:25:54.097439100,0.011439100,0
'2026-08-22 08:25:54.097439200,0.011439200,1
'2026-08-22 08:25:54.098273900,0.012273900,0
'2026-08-22 08:25:54.098274000,0.012274000,1
'2026-08-22 08:25:54.100694000,0.014694000,0
'2026-08-22 08:25:54.100694300,0.014694300,1
'2026-08-22 08:25:54.100694400,0.014694400,0
'2026-08-22 08:25:54.100694800,0.014694800,1
'2026-08-22 08:25:54.100695000,0.014695000,0
'2026-08-22 08:25:54.100695100,0.014695100,1
'2026-08-22 08:25:54.100695200,0.014695200,0
'2026-08-22 08:25:54.100695500,0.014695500,1
'2026-08-22 08:25:54.100695600,0.014695600,0
'2026-08-22 08:25:54.100696000,0.014696000,1
'2026-08-22 08:25:54.100696200,0.014696200,0
'2026-08-22 08:25:54.100696500,0.014696500,1
'2026-08-22 08:25:54.100696600,0.014696600,0
'2026-08-22 08:25:54.100696700,0.014696700,1
'2026-08-22 08:25:54.100712200,0.014712200,0
'2026-08-22 08:25:54.100712300,0.014712300,1
'2026-08-22 08:25:54.100712600,0.014712600,0
'2026-08-22 08:25:54.100713500,0.014713500,1
'2026-08-22 08:25:54.100713700,0.014713700,0
'2026-08-22 08:25:54.100714300,0.014714300,1
'2026-08-22 08:25:54.100714400,0.014714400,0
'2026-08-22 08:25:54.100714800,0.014714800,1
'2026-08-22 08:25:54.100714900,0.014714900,0
'2026-08-22 08:25:54.100715300,0.014715300,1
'2026-08-22 08:25:54.100715400,0.014715400,0
'2026-08-22 08:25:54.100715900,0.014715900,1
'2026-08-22 08:25:54.100716100,0.014716100,0
'2026-08-22 08:25:54.100716200,0.014716200,1
'2026-08-22 08:25:54.100716400,0.014716400,0
'2026-08-22 08:25:54.100716500,0.014716500,1
'2026-08-22 08:25:54.100716800,0.014716800,0
'2026-08-22 08:25:54.100716900,0.014716900,1
'2026-08-22 08:25:54.100717900,0.014717900,0
'2026-08-22 08:25:54.100718000,0.014718000,1
'2026-08-22 08:25:54.100718100,0.014718100,0
'2026-08-22 08:25:54.100718300,0.014718300,1
'2026-08-22 08:25:54.100718400,0.014718400,0
'2026-08-22 08:25:54.100718600,0.014718600,1
'2026-08-22 08:25:54.100719100,0.014719100,0
'2026-08-22 08:25:54.100719300,0.014719300,1
'2026-08-22 08:25:54.100719800,0.014719800,0
'2026-08-22 08:25:54.100719900,0.014719900,1
'2026-08-22 08:25:54.100720200,0.014720200,0
'2026-08-22 08:25:54.100720600,0.014720600,1
'2026-08-22 08:25:54.100720800,0.014720800,0
'2026-08-22 08:25:54.100721100,0.014721100,1
'2026-08-22 08:25:54.100721400,0.014721400,0
'2026-08-22 08:25:54.100721800,0.014721800,1
'2026-08-22 08:25:54.100721900,0.014721900,0
'2026-08-22 08:25:54.100722900,0.014722900,1
'2026-08-22 08:25:54.100739600,0.014739600,0
'2026-08-22 08:25:54.100739700,0.014739700,1
'2026-08-22 08:25:54.100741800,0.014741800,0
'2026-08-22 08:25:54.100742100,0.014742100,1
'2026-08-22 08:25:54.100742300,0.014742300,0
'2026-08-22 08:25:54.100742400,0.014742400,1
'2026-08-22 08:25:54.100742500,0.014742500,0
'2026-08-22 08:25:54.100742700,0.014742700,1
'2026-08-22 08:25:54.100743000,0.014743000,0
'2026-08-22 08:25:54.100743300,0.014743300,1
'2026-08-22 08:25:54.100743600,0.014743600,0
'2026-08-22 08:25:54.100743700,0.014743700,1
'2026-08-22 08:25:54.100744200,0.014744200,0
'2026-08-22 08:25:54.100744300,0.014744300,1
'2026-08-22 08:25:54.100744400,0.014744400,0
'2026-08-22 08:25:54.100744500,0.014744500,1
'2026-08-22 08:25:54.100745000,0.014745000,0
'2026-08-22 08:25:54.100745100,0.014745100,1
'2026-08-22 08:25:54.100745200,0.014745200,0
'2026-08-22 08:25:54.100745300,0.014745300,1
'2026-08-22 08:25:54.100745400,0.014745400,0
'2026-08-22 08:25:54.100745700,0.014745700,1
'2026-08-22 08:25:54.100745800,0.014745800,0
'2026-08-22 08:25:54.100746100,0.014746100,1
'2026-08-22 08:25:54.100746300,0.014746300,0
'2026-08-22 08:25:54.100746400,0.014746400,1
'2026-08-22 08:25:54.100748400,0.014748400,0
'2026-08-22 08:25:54.100748500,0.014748500,1
'2026-08-22 08:25:54.100771700,0.014771700,0
'2026-08-22 08:25:54.100771800,0.014771800,1
'2026-08-22 08:25:54.100772200,0.014772200,0
'2026-08-22 08:25:54.100772500,0.014772500,1
'2026-08-22 08:25:54.100772800,0.014772800,0
'2026-08-22 08:25:54.100772900,0.014772900,1
'2026-08-22 08:25:54.100773000,0.014773000,0
'2026-08-22 08:25:54.100773100,0.014773100,1
'2026-08-22 08:25:54.100773300,0.014773300,0
'2026-08-22 08:25:54.100773700,0.014773700,1
'2026-08-22 08:25:54.100774600,0.014774600,0
'2026-08-22 08:25:54.100774700,0.014774700,1
'2026-08-22 08:25:54.100794500,0.014794500,0
'2026-08-22 08:25:54.100794600,0.014794600,1
'2026-08-22 08:25:54.100823800,0.014823800,0
'2026-08-22 08:25:54.100823900,0.014823900,1
'2026-08-22 08:25:54.100927100,0.014927100,0
'2026-08-22 08:25:54.100927200,0.014927200,1
'2026-08-22 08:25:54.102305800,0.016305800,0
'2026-08-22 08:25:54.102305900,0.016305900,1
'2026-08-22 08:25:54.102306000,0.016306000,0
'2026-08-22 08:25:54.102306200,0.016306200,1
'2026-08-22 08:25:54.102306500,0.016306500,0
'2026-08-22 08:25:54.102306900,0.016306900,1
'2026-08-22 08:25:54.102307000,0.016307000,0
'2026-08-22 08:25:54.102307500,0.016307500,1
'2026-08-22 08:25:54.102307600,0.016307600,0
'2026-08-22 08:25:54.102308000,0.016308000,1
'2026-08-22 08:25:54.102308100,0.016308100,0
'2026-08-22 08:25:54.102308700,0.016308700,1
'2026-08-22 08:25:54.102308800,0.016308800,0
'2026-08-22 08:25:54.102309200,0.016309200,1
'2026-08-22 08:25:54.102309300,0.016309300,0
'2026-08-22 08:25:54.102309800,0.016309800,1
'2026-08-22 08:25:54.102310000,0.016310000,0
'2026-08-22 08:25:54.102310700,0.016310700,1
'2026-08-22 08:25:54.102326400,0.016326400,0
'2026-08-22 08:25:54.102326500,0.016326500,1
'2026-08-22 08:25:54.102327200,0.016327200,0
'2026-08-22 08:25:54.102327300,0.016327300,1
'2026-08-22 08:25:54.102327400,0.016327400,0
'2026-08-22 08:25:54.102327500,0.016327500,1
'2026-08-22 08:25:54.102327600,0.016327600,0
'2026-08-22 08:25:54.102327900,0.016327900,1
'2026-08-22 08:25:54.102328000,0.016328000,0
'2026-08-22 08:25:54.102328500,0.016328500,1
'2026-08-22 08:25:54.102328600,0.016328600,0
'2026-08-22 08:25:54.102328700,0.016328700,1
'2026-08-22 08:25:54.102328800,0.016328800,0
'2026-08-22 08:25:54.102329000,0.016329000,1
'2026-08-22 08:25:54.102329200,0.016329200,0
'2026-08-22 08:25:54.102329700,0.016329700,1
'2026-08-22 08:25:54.102329800,0.016329800,0
'2026-08-22 08:25:54.102330100,0.016330100,1
'2026-08-22 08:25:54.102330400,0.016330400,0
'2026-08-22 08:25:54.102332000,0.016332000,1
'2026-08-22 08:25:54.102332100,0.016332100,0
'2026-08-22 08:25:54.102332500,0.016332500,1
'2026-08-22 08:25:54.102332700,0.016332700,0
'2026-08-22 08:25:54.102333200,0.016333200,1
'2026-08-22 08:25:54.102333300,0.016333300,0
'2026-08-22 08:25:54.102333700,0.016333700,1
'2026-08-22 08:25:54.102333800,0.016333800,0
'2026-08-22 08:25:54.102333900,0.016333900,1
'2026-08-22 08:25:54.102334000,0.016334000,0
'2026-08-22 08:25:54.102334200,0.016334200,1
'2026-08-22 08:25:54.102334600,0.016334600,0
'2026-08-22 08:25:54.102334900,0.016334900,1
'2026-08-22 08:25:54.102335000,0.016335000,0
'2026-08-22 08:25:54.102335100,0.016335100,1
'2026-08-22 08:25:54.102335200,0.016335200,0
'2026-08-22 08:25:54.102335500,0.016335500,1
'2026-08-22 08:25:54.102335600,0.016335600,0
'2026-08-22 08:25:54.102336100,0.016336100,1
'2026-08-22 08:25:54.102336200,0.016336200,0
'2026-08-22 08:25:54.102336300,0.016336300,1
'2026-08-22 08:25:54.102336400,0.016336400,0
'2026-08-22 08:25:54.102336500,0.016336500,1
'2026-08-22 08:25:54.102336600,0.016336600,0
'2026-08-22 08:25:54.102336700,0.016336700,1
'2026-08-22 08:25:54.102352200,0.016352200,0
'2026-08-22 08:25:54.102352300,0.016352300,1
'2026-08-22 08:25:54.102353200,0.016353200,0
'2026-08-22 08:25:54.102353600,0.016353600,1
'2026-08-22 08:25:54.102354500,0.016354500,0
'2026-08-22 08:25:54.102354600,0.016354600,1
'2026-08-22 08:25:54.102355000,0.016355000,0
'2026-08-22 08:25:54.102355100,0.016355100,1
'2026-08-22 08:25:54.102355200,0.016355200,0
'2026-08-22 08:25:54.102355300,0.016355300,1
'2026-08-22 08:25:54.102355500,0.016355500,0
'2026-08-22 08:25:54.102355800,0.016355800,1
'2026-08-22 08:25:54.102356600,0.016356600,0
'2026-08-22 08:25:54.102356700,0.016356700,1
'2026-08-22 08:25:54.102356800,0.016356800,0
'2026-08-22 08:25:54.102357100,0.016357100,1
'2026-08-22 08:25:54.102357300,0.016357300,0
'2026-08-22 08:25:54.102357400,0.016357400,1
'2026-08-22 08:25:54.102357600,0.016357600,0
'2026-08-22 08:25:54.102357700,0.016357700,1
'2026-08-22 08:25:54.102357800,0.016357800,0
'2026-08-22 08:25:54.102357900,0.016357900,1
'2026-08-22 08:25:54.102358000,0.016358000,0
'2026-08-22 08:25:54.102358200,0.016358200,1
'2026-08-22 08:25:54.102358300,0.016358300,0
'2026-08-22 08:25:54.102358900,0.016358900,1
'2026-08-22 08:25:54.102359000,0.016359000,0
'2026-08-22 08:25:54.102359100,0.016359100,1
'2026-08-22 08:25:54.102359200,0.016359200,0
'2026-08-22 08:25:54.102359300,0.016359300,1
'2026-08-22 08:25:54.102359700,0.016359700,0
'2026-08-22 08:25:54.102360000,0.016360000,1
'2026-08-22 08:25:54.102360100,0.016360100,0
'2026-08-22 08:25:54.102360300,0.016360300,1
'2026-08-22 08:25:54.102360400,0.016360400,0
'2026-08-22 08:25:54.102360600,0.016360600,1
'2026-08-22 08:25:54.102360800,0.016360800,0
'2026-08-22 08:25:54.102361200,0.016361200,1
'2026-08-22 08:25:54.102361300,0.016361300,0
'2026-08-22 08:25:54.102361700,0.016361700,1
'2026-08-22 08:25:54.102361900,0.016361900,0
'2026-08-22 08:25:54.102362000,0.016362000,1
'2026-08-22 08:25:54.102362100,0.016362100,0
'2026-08-22 08:25:54.102362300,0.016362300,1
'2026-08-22 08:25:54.102362500,0.016362500,0
'2026-08-22 08:25:54.102362700,0.016362700,1
'2026-08-22 08:25:54.102381300,0.016381300,0
'2026-08-22 08:25:54.102381400,0.016381400,1
'2026-08-22 08:25:54.102382300,0.016382300,0
'2026-08-22 08:25:54.102382400,0.016382400,1
'2026-08-22 08:25:54.102382600,0.016382600,0
'2026-08-22 08:25:54.102382700,0.016382700,1
'2026-08-22 08:25:54.102383700,0.016383700,0
'2026-08-22 08:25:54.102383900,0.016383900,1
'2026-08-22 08:25:54.102386600,0.016386600,0
'2026-08-22 08:25:54.102386700,0.016386700,1
'2026-08-22 08:25:54.102387100,0.016387100,0
'2026-08-22 08:25:54.102387300,0.016387300,1
'2026-08-22 08:25:54.102388300,0.016388300,0
'2026-08-22 08:25:54.102388400,0.016388400,1
'2026-08-22 08:25:54.102433300,0.016433300,0
'2026-08-22 08:25:54.102433400,0.016433400,1
'2026-08-22 08:25:54.103163400,0.017163400,0
'2026-08-22 08:25:54.103163500,0.017163500,1
'2026-08-22 08:25:54.103298800,0.017298800,0
'2026-08-22 08:25:54.103298900,0.017298900,1
'2026-08-22 08:25:54.106414100,0.020414100,0
'2026-08-22 08:25:54.106414200,0.020414200,1
'2026-08-22 08:25:54.106414900,0.020414900,0
'2026-08-22 08:25:54.106415300,0.020415300,1
'2026-08-22 08:25:54.106415400,0.020415400,0
'2026-08-22 08:25:54.106415800,0.020415800,1
'2026-08-22 08:25:54.106416000,0.020416000,0
'2026-08-22 08:25:54.106417000,0.020417000,1
'2026-08-22 08:25:54.106417100,0.020417100,0
'2026-08-22 08:25:54.106417700,0.020417700,1
'2026-08-22 08:25:54.106417800,0.020417800,0
'2026-08-22 08:25:54.106418000,0.020418000,1
'2026-08-22 08:25:54.106418400,0.020418400,0
'2026-08-22 08:25:54.106418700,0.020418700,1
'2026-08-22 08:25:54.106419000,0.020419000,0
'2026-08-22 08:25:54.106419100,0.020419100,1
'2026-08-22 08:25:54.106419600,0.020419600,0
'2026-08-22 08:25:54.106419700,0.020419700,1
'2026-08-22 08:25:54.106421200,0.020421200,0
'2026-08-22 08:25:54.106421300,0.020421300,1
'2026-08-22 08:25:54.106421400,0.020421400,0
'2026-08-22 08:25:54.106421500,0.020421500,1
'2026-08-22 08:25:54.106422500,0.020422500,0
'2026-08-22 08:25:54.106422700,0.020422700,1
'2026-08-22 08:25:54.106423600,0.020423600,0
'2026-08-22 08:25:54.106423700,0.020423700,1
'2026-08-22 08:25:54.106423900,0.020423900,0
'2026-08-22 08:25:54.106424000,0.020424000,1
'2026-08-22 08:25:54.106424400,0.020424400,0
'2026-08-22 08:25:54.106424500,0.020424500,1
'2026-08-22 08:25:54.106441200,0.020441200,0
'2026-08-22 08:25:54.106441300,0.020441300,1
'2026-08-22 08:25:54.106443600,0.020443600,0
'2026-08-22 08:25:54.106443700,0.020443700,1
'2026-08-22 08:25:54.106444000,0.020444000,0
'2026-08-22 08:25:54.106444100,0.020444100,1
'2026-08-22 08:25:54.106444200,0.020444200,0
'2026-08-22 08:25:54.106444400,0.020444400,1
'2026-08-22 08:25:54.106445400,0.020445400,0
'2026-08-22 08:25:54.106445600,0.020445600,1
'2026-08-22 08:25:54.106445700,0.020445700,0
'2026-08-22 08:25:54.106446700,0.020446700,1
'2026-08-22 08:25:54.106447000,0.020447000,0
'2026-08-22 08:25:54.106447300,0.020447300,1
'2026-08-22 08:25:54.106447600,0.020447600,0
'2026-08-22 08:25:54.106447900,0.020447900,1
'2026-08-22 08:25:54.106448100,0.020448100,0
'2026-08-22 08:25:54.106448400,0.020448400,1
'2026-08-22 08:25:54.106448800,0.020448800,0
'2026-08-22 08:25:54.106449100,0.020449100,1
'2026-08-22 08:25:54.106449200,0.020449200,0
'2026-08-22 08:25:54.106449300,0.020449300,1
'2026-08-22 08:25:54.106449400,0.020449400,0
'2026-08-22 08:25:54.106449500,0.020449500,1
'2026-08-22 08:25:54.106450000,0.020450000,0
'2026-08-22 08:25:54.106450100,0.020450100,1
'2026-08-22 08:25:54.106467400,0.020467400,0
'2026-08-22 08:25:54.106467500,0.020467500,1
'2026-08-22 08:25:54.106471400,0.020471400,0
'2026-08-22 08:25:54.106471500,0.020471500,1
'2026-08-22 08:25:54.106472800,0.020472800,0
'2026-08-22 08:25:54.106472900,0.020472900,1
'2026-08-22 08:25:54.106473000,0.020473000,0
'2026-08-22 08:25:54.106473100,0.020473100,1
'2026-08-22 08:25:54.106475000,0.020475000,0
'2026-08-22 08:25:54.106475100,0.020475100,1
'2026-08-22 08:25:54.106498300,0.020498300,0
'2026-08-22 08:25:54.106498400,0.020498400,1
'2026-08-22 08:25:54.106521600,0.020521600,0
'2026-08-22 08:25:54.106521700,0.020521700,1
'2026-08-22 08:25:54.108010800,0.022010800,0
'2026-08-22 08:25:54.108011200,0.022011200,1
'2026-08-22 08:25:54.108011300,0.022011300,0
'2026-08-22 08:25:54.108011500,0.022011500,1
'2026-08-22 08:25:54.108011600,0.022011600,0
'2026-08-22 08:25:54.108011800,0.022011800,1
'2026-08-22 08:25:54.108012200,0.022012200,0
'2026-08-22 08:25:54.108012400,0.022012400,1
'2026-08-22 08:25:54.108027800,0.022027800,0
'2026-08-22 08:25:54.108028100,0.022028100,1
'2026-08-22 08:25:54.108028300,0.022028300,0
'2026-08-22 08:25:54.108028400,0.022028400,1
'2026-08-22 08:25:54.108028600,0.022028600,0
'2026-08-22 08:25:54.108028700,0.022028700,1
'2026-08-22 08:25:54.108028800,0.022028800,0
'2026-08-22 08:25:54.108029300,0.022029300,1
'2026-08-22 08:25:54.108029400,0.022029400,0
'2026-08-22 08:25:54.108029800,0.022029800,1
'2026-08-22 08:25:54.108030000,0.022030000,0
'2026-08-22 08:25:54.108030100,0.022030100,1
'2026-08-22 08:25:54.108030200,0.022030200,0
'2026-08-22 08:25:54.108030300,0.022030300,1
'2026-08-22 08:25:54.108030600,0.022030600,0
'2026-08-22 08:25:54.108030700,0.022030700,1
'2026-08-22 08:25:54.108031300,0.022031300,0
'2026-08-22 08:25:54.108031600,0.022031600,1
'2026-08-22 08:25:54.108032000,0.022032000,0
'2026-08-22 08:25:54.108032100,0.022032100,1
'2026-08-22 08:25:54.108032300,0.022032300,0
'2026-08-22 08:25:54.108032700,0.022032700,1
'2026-08-22 08:25:54.108032900,0.022032900,0
'2026-08-22 08:25:54.108033500,0.022033500,1
'2026-08-22 08:25:54.108033700,0.022033700,0
'2026-08-22 08:25:54.108033900,0.022033900,1
'2026-08-22 08:25:54.108034000,0.022034000,0
'2026-08-22 08:25:54.108034600,0.022034600,1
'2026-08-22 08:25:54.108034700,0.022034700,0
'2026-08-22 08:25:54.108035100,0.022035100,1
'2026-08-22 08:25:54.108035300,0.022035300,0
'2026-08-22 08:25:54.108036300,0.022036300,1
'2026-08-22 08:25:54.108036400,0.022036400,0
'2026-08-22 08:25:54.108037500,0.022037500,1
'2026-08-22 08:25:54.108037600,0.022037600,0
'2026-08-22 08:25:54.108038100,0.022038100,1
'2026-08-22 08:25:54.108038200,0.022038200,0
'2026-08-22 08:25:54.108038400,0.022038400,1
'2026-08-22 08:25:54.108054600,0.022054600,0
'2026-08-22 08:25:54.108054700,0.022054700,1
'2026-08-22 08:25:54.108055200,0.022055200,0
'2026-08-22 08:25:54.108055500,0.022055500,1
'2026-08-22 08:25:54.108055800,0.022055800,0
'2026-08-22 08:25:54.108055900,0.022055900,1
'2026-08-22 08:25:54.108056300,0.022056300,0
'2026-08-22 08:25:54.108056400,0.022056400,1
'2026-08-22 08:25:54.108056500,0.022056500,0
'2026-08-22 08:25:54.108056700,0.022056700,1
'2026-08-22 08:25:54.108056900,0.022056900,0
'2026-08-22 08:25:54.108057300,0.022057300,1
'2026-08-22 08:25:54.108057500,0.022057500,0
'2026-08-22 08:25:54.108057900,0.022057900,1
'2026-08-22 08:25:54.108058000,0.022058000,0
'2026-08-22 08:25:54.108058100,0.022058100,1
'2026-08-22 08:25:54.108058300,0.022058300,0
'2026-08-22 08:25:54.108058500,0.022058500,1
'2026-08-22 08:25:54.108058800,0.022058800,0
'2026-08-22 08:25:54.108059100,0.022059100,1
'2026-08-22 08:25:54.108059300,0.022059300,0
'2026-08-22 08:25:54.108059700,0.022059700,1
'2026-08-22 08:25:54.108060500,0.022060500,0
'2026-08-22 08:25:54.108060800,0.022060800,1
'2026-08-22 08:25:54.108061200,0.022061200,0
'2026-08-22 08:25:54.108061300,0.022061300,1
'2026-08-22 08:25:54.108061600,0.022061600,0
'2026-08-22 08:25:54.108061900,0.022061900,1
'2026-08-22 08:25:54.108062300,0.022062300,0
'2026-08-22 08:25:54.108062500,0.022062500,1
'2026-08-22 08:25:54.108062800,0.022062800,0
'2026-08-22 08:25:54.108063100,0.022063100,1
'2026-08-22 08:25:54.108082900,0.022082900,0
'2026-08-22 08:25:54.108083000,0.022083000,1
'2026-08-22 08:25:54.108084900,0.022084900,0
'2026-08-22 08:25:54.108085000,0.022085000,1
'2026-08-22 08:25:54.108085100,0.022085100,0
'2026-08-22 08:25:54.108085300,0.022085300,1
'2026-08-22 08:25:54.108087600,0.022087600,0
'2026-08-22 08:25:54.108087700,0.022087700,1
'2026-08-22 08:25:54.108087800,0.022087800,0
'2026-08-22 08:25:54.108088300,0.022088300,1
'2026-08-22 08:25:54.108088400,0.022088400,0
'2026-08-22 08:25:54.108088500,0.022088500,1
'2026-08-22 08:25:54.108088600,0.022088600,0
'2026-08-22 08:25:54.108088700,0.022088700,1
'2026-08-22 08:25:54.108089000,0.022089000,0
'2026-08-22 08:25:54.108089200,0.022089200,1
'2026-08-22 08:25:54.108110800,0.022110800,0
'2026-08-22 08:25:54.108110900,0.022110900,1
'2026-08-22 08:25:54.108115500,0.022115500,0
'2026-08-22 08:25:54.108115600,0.022115600,1
'2026-08-22 08:25:54.108132200,0.022132200,0
'2026-08-22 08:25:54.108132300,0.022132300,1
'2026-08-22 08:25:54.108133000,0.022133000,0
'2026-08-22 08:25:54.108133100,0.022133100,1
'2026-08-22 08:25:54.108161100,0.022161100,0
'2026-08-22 08:25:54.108161200,0.022161200,1
'2026-08-22 08:25:54.108841800,0.022841800,0
'2026-08-22 08:25:54.108841900,0.022841900,1
'2026-08-22 08:25:54.120345200,0.034345200,0
'2026-08-22 08:25:54.120345300,0.034345300,1
'2026-08-22 08:25:54.120345600,0.034345600,0
'2026-08-22 08:25:54.120345800,0.034345800,1
'2026-08-22 08:25:54.120345900,0.034345900,0
'2026-08-22 08:25:54.120346100,0.034346100,1
'2026-08-22 08:25:54.120346300,0.034346300,0
'2026-08-22 08:25:54.120346700,0.034346700,1
'2026-08-22 08:25:54.120346800,0.034346800,0
'2026-08-22 08:25:54.120347300,0.034347300,1
'2026-08-22 08:25:54.120347400,0.034347400,0
'2026-08-22 08:25:54.120347800,0.034347800,1
'2026-08-22 08:25:54.120348200,0.034348200,0
'2026-08-22 08:25:54.120348300,0.034348300,1
'2026-08-22 08:25:54.120348600,0.034348600,0
'2026-08-22 08:25:54.120348900,0.034348900,1
'2026-08-22 08:25:54.120349200,0.034349200,0
'2026-08-22 08:25:54.120349300,0.034349300,1
'2026-08-22 08:25:54.120349700,0.034349700,0
'2026-08-22 08:25:54.120350000,0.034350000,1
'2026-08-22 08:25:54.120350100,0.034350100,0
'2026-08-22 08:25:54.120350200,0.034350200,1
'2026-08-22 08:25:54.120351000,0.034351000,0
'2026-08-22 08:25:54.120351100,0.034351100,1
'2026-08-22 08:25:54.120351600,0.034351600,0
'2026-08-22 08:25:54.120351700,0.034351700,1
'2026-08-22 08:25:54.120352600,0.034352600,0
'2026-08-22 08:25:54.120353100,0.034353100,1
'2026-08-22 08:25:54.120353200,0.034353200,0
'2026-08-22 08:25:54.120353300,0.034353300,1
'2026-08-22 08:25:54.120353400,0.034353400,0
'2026-08-22 08:25:54.120353600,0.034353600,1
'2026-08-22 08:25:54.120353800,0.034353800,0
'2026-08-22 08:25:54.120354300,0.034354300,1
'2026-08-22 08:25:54.120354400,0.034354400,0
'2026-08-22 08:25:54.120354700,0.034354700,1
'2026-08-22 08:25:54.120354800,0.034354800,0
'2026-08-22 08:25:54.120354900,0.034354900,1
'2026-08-22 08:25:54.120355000,0.034355000,0
'2026-08-22 08:25:54.120356000,0.034356000,1
'2026-08-22 08:25:54.120356100,0.034356100,0
'2026-08-22 08:25:54.120356200,0.034356200,1
'2026-08-22 08:25:54.120372700,0.034372700,0
'2026-08-22 08:25:54.120372800,0.034372800,1
'2026-08-22 08:25:54.120373700,0.034373700,0
'2026-08-22 08:25:54.120373900,0.034373900,1
'2026-08-22 08:25:54.120374800,0.034374800,0
'2026-08-22 08:25:54.120374900,0.034374900,1
'2026-08-22 08:25:54.120375000,0.034375000,0
'2026-08-22 08:25:54.120375300,0.034375300,1
'2026-08-22 08:25:54.120375400,0.034375400,0
'2026-08-22 08:25:54.120375500,0.034375500,1
'2026-08-22 08:25:54.120376000,0.034376000,0
'2026-08-22 08:25:54.120376400,0.034376400,1
'2026-08-22 08:25:54.120376600,0.034376600,0
'2026-08-22 08:25:54.120377500,0.034377500,1
'2026-08-22 08:25:54.120378000,0.034378000,0
'2026-08-22 08:25:54.120378300,0.034378300,1
'2026-08-22 08:25:54.120378600,0.034378600,0
'2026-08-22 08:25:54.120378700,0.034378700,1
'2026-08-22 08:25:54.120379100,0.034379100,0
'2026-08-22 08:25:54.120379300,0.034379300,1
'2026-08-22 08:25:54.120381400,0.034381400,0
'2026-08-22 08:25:54.120381500,0.034381500,1
'2026-08-22 08:25:54.120399800,0.034399800,0
'2026-08-22 08:25:54.120399900,0.034399900,1
'2026-08-22 08:25:54.120404200,0.034404200,0
'2026-08-22 08:25:54.120404300,0.034404300,1
'2026-08-22 08:25:54.120406600,0.034406600,0
'2026-08-22 08:25:54.120406800,0.034406800,1
'2026-08-22 08:25:54.120407100,0.034407100,0
'2026-08-22 08:25:54.120407200,0.034407200,1
'2026-08-22 08:25:54.120407500,0.034407500,0
'2026-08-22 08:25:54.120407700,0.034407700,1
'2026-08-22 08:25:54.120407800,0.034407800,0
'2026-08-22 08:25:54.120407900,0.034407900,1
'2026-08-22 08:25:54.120426800,0.034426800,0
'2026-08-22 08:25:54.120426900,0.034426900,1
'2026-08-22 08:25:54.120455000,0.034455000,0
'2026-08-22 08:25:54.120455100,0.034455100,1
'2026-08-22 08:25:54.127742200,0.041742200,0
'2026-08-22 08:25:54.127742300,0.041742300,1
'2026-08-22 08:25:54.127743200,0.041743200,0
'2026-08-22 08:25:54.127743400,0.041743400,1
'2026-08-22 08:25:54.127744400,0.041744400,0
'2026-08-22 08:25:54.127744700,0.041744700,1
'2026-08-22 08:25:54.127746800,0.041746800,0
'2026-08-22 08:25:54.127746900,0.041746900,1
'2026-08-22 08:25:54.127747800,0.041747800,0
'2026-08-22 08:25:54.127747900,0.041747900,1
'2026-08-22 08:25:54.127748100,0.041748100,0
'2026-08-22 08:25:54.127748200,0.041748200,1
'2026-08-22 08:25:54.127748400,0.041748400,0
'2026-08-22 08:25:54.127748900,0.041748900,1
'2026-08-22 08:25:54.127749100,0.041749100,0
'2026-08-22 08:25:54.127749300,0.041749300,1
'2026-08-22 08:25:54.127749400,0.041749400,0
'2026-08-22 08:25:54.127749500,0.041749500,1
'2026-08-22 08:25:54.127749600,0.041749600,0
'2026-08-22 08:25:54.127749900,0.041749900,1
'2026-08-22 08:25:54.127750400,0.041750400,0
'2026-08-22 08:25:54.127750500,0.041750500,1
'2026-08-22 08:25:54.127750900,0.041750900,0
'2026-08-22 08:25:54.127751000,0.041751000,1
'2026-08-22 08:25:54.127751400,0.041751400,0
'2026-08-22 08:25:54.127751500,0.041751500,1
'2026-08-22 08:25:54.127751600,0.041751600,0
'2026-08-22 08:25:54.127751700,0.041751700,1
'2026-08-22 08:25:54.127752000,0.041752000,0
'2026-08-22 08:25:54.127752100,0.041752100,1
'2026-08-22 08:25:54.127770600,0.041770600,0
'2026-08-22 08:25:54.127770700,0.041770700,1
'2026-08-22 08:25:54.127772000,0.041772000,0
'2026-08-22 08:25:54.127772100,0.041772100,1
'2026-08-22 08:25:54.127773700,0.041773700,0
'2026-08-22 08:25:54.127773800,0.041773800,1
'2026-08-22 08:25:54.127777600,0.041777600,0
'2026-08-22 08:25:54.127777700,0.041777700,1
'2026-08-22 08:25:54.127798200,0.041798200,0
'2026-08-22 08:25:54.127798300,0.041798300,1
'2026-08-22 08:25:54.127854400,0.041854400,0
'2026-08-22 08:25:54.127854500,0.041854500,1
'2026-08-22 08:25:54.128558300,0.042558300,0
'2026-08-22 08:25:54.128558400,0.042558400,1
'2026-08-22 08:25:54.133471600,0.047471600,0
'2026-08-22 08:25:54.133471700,0.047471700,1
'2026-08-22 08:25:54.133472000,0.047472000,0
'2026-08-22 08:25:54.133472100,0.047472100,1
'2026-08-22 08:25:54.133472600,0.047472600,0
'2026-08-22 08:25:54.133472800,0.047472800,1
'2026-08-22 08:25:54.133473900,0.047473900,0
'2026-08-22 08:25:54.133474100,0.047474100,1
'2026-08-22 08:25:54.133474800,0.047474800,0
'2026-08-22 08:25:54.133474900,0.047474900,1
'2026-08-22 08:25:54.133475000,0.047475000,0
'2026-08-22 08:25:54.133475100,0.047475100,1
'2026-08-22 08:25:54.133477800,0.047477800,0
'2026-08-22 08:25:54.133477900,0.047477900,1
'2026-08-22 08:25:54.133478000,0.047478000,0
'2026-08-22 08:25:54.133478200,0.047478200,1
'2026-08-22 08:25:54.133478400,0.047478400,0
'2026-08-22 08:25:54.133478500,0.047478500,1
'2026-08-22 08:25:54.133478600,0.047478600,0
'2026-08-22 08:25:54.133478700,0.047478700,1
'2026-08-22 08:25:54.133479000,0.047479000,0
'2026-08-22 08:25:54.133479400,0.047479400,1
'2026-08-22 08:25:54.133479600,0.047479600,0
'2026-08-22 08:25:54.133479700,0.047479700,1
'2026-08-22 08:25:54.133479800,0.047479800,0
'2026-08-22 08:25:54.133479900,0.047479900,1
'2026-08-22 08:25:54.133480200,0.047480200,0
'2026-08-22 08:25:54.133480600,0.047480600,1
'2026-08-22 08:25:54.133480700,0.047480700,0
'2026-08-22 08:25:54.133480900,0.047480900,1
'2026-08-22 08:25:54.133481000,0.047481000,0
'2026-08-22 08:25:54.133481100,0.047481100,1
'2026-08-22 08:25:54.133499800,0.047499800,0
'2026-08-22 08:25:54.133499900,0.047499900,1
'2026-08-22 08:25:54.133501200,0.047501200,0
'2026-08-22 08:25:54.133501300,0.047501300,1
'2026-08-22 08:25:54.133501400,0.047501400,0
'2026-08-22 08:25:54.133501500,0.047501500,1
'2026-08-22 08:25:54.133502000,0.047502000,0
'2026-08-22 08:25:54.133502100,0.047502100,1
'2026-08-22 08:25:54.133502400,0.047502400,0
'2026-08-22 08:25:54.133502700,0.047502700,1
'2026-08-22 08:25:54.133503000,0.047503000,0
'2026-08-22 08:25:54.133503100,0.047503100,1
'2026-08-22 08:25:54.133504200,0.047504200,0
'2026-08-22 08:25:54.133504300,0.047504300,1
'2026-08-22 08:25:54.133505600,0.047505600,0
'2026-08-22 08:25:54.133505700,0.047505700,1
'2026-08-22 08:25:54.133524800,0.047524800,0
'2026-08-22 08:25:54.133524900,0.047524900,1
'2026-08-22 08:25:54.133552700,0.047552700,0
'2026-08-22 08:25:54.133552800,0.047552800,1
'2026-08-22 08:25:54.135084600,0.049084600,0
'2026-08-22 08:25:54.135084700,0.049084700,1
'2026-08-22 08:25:54.135084800,0.049084800,0
'2026-08-22 08:25:54.135085000,0.049085000,1
'2026-08-22 08:25:54.135085800,0.049085800,0
'2026-08-22 08:25:54.135086100,0.049086100,1
'2026-08-22 08:25:54.135086400,0.049086400,0
'2026-08-22 08:25:54.135086500,0.049086500,1
'2026-08-22 08:25:54.135086800,0.049086800,0
'2026-08-22 08:25:54.135087100,0.049087100,1
'2026-08-22 08:25:54.135087400,0.049087400,0
'2026-08-22 08:25:54.135087500,0.049087500,1
'2026-08-22 08:25:54.135087600,0.049087600,0
'2026-08-22 08:25:54.135087700,0.049087700,1
'2026-08-22 08:25:54.135088000,0.049088000,0
'2026-08-22 08:25:54.135088100,0.049088100,1
'2026-08-22 08:25:54.135088200,0.049088200,0
'2026-08-22 08:25:54.135088300,0.049088300,1
'2026-08-22 08:25:54.135088400,0.049088400,0
'2026-08-22 08:25:54.135088500,0.049088500,1
'2026-08-22 08:25:54.135089200,0.049089200,0
'2026-08-22 08:25:54.135089300,0.049089300,1
'2026-08-22 08:25:54.135089400,0.049089400,0
'2026-08-22 08:25:54.135089500,0.049089500,1
'2026-08-22 08:25:54.135090000,0.049090000,0
'2026-08-22 08:25:54.135090100,0.049090100,1
'2026-08-22 08:25:54.135090400,0.049090400,0
'2026-08-22 08:25:54.135090500,0.049090500,1
'2026-08-22 08:25:54.135090600,0.049090600,0
'2026-08-22 08:25:54.135090700,0.049090700,1
'2026-08-22 08:25:54.135090900,0.049090900,0
'2026-08-22 08:25:54.135091400,0.049091400,1
'2026-08-22 08:25:54.135091500,0.049091500,0
'2026-08-22 08:25:54.135091800,0.049091800,1
'2026-08-22 08:25:54.135091900,0.049091900,0
'2026-08-22 08:25:54.135093100,0.049093100,1
'2026-08-22 08:25:54.135093200,0.049093200,0
'2026-08-22 08:25:54.135094300,0.049094300,1
'2026-08-22 08:25:54.135094400,0.049094400,0
'2026-08-22 08:25:54.135095000,0.049095000,1
'2026-08-22 08:25:54.135111000,0.049111000,0
'2026-08-22 08:25:54.135111100,0.049111100,1
'2026-08-22 08:25:54.135112000,0.049112000,0
'2026-08-22 08:25:54.135112100,0.049112100,1
'2026-08-22 08:25:54.135112900,0.049112900,0
'2026-08-22 08:25:54.135113000,0.049113000,1
'2026-08-22 08:25:54.135113200,0.049113200,0
'2026-08-22 08:25:54.135113300,0.049113300,1
'2026-08-22 08:25:54.135113400,0.049113400,0
'2026-08-22 08:25:54.135113500,0.049113500,1
'2026-08-22 08:25:54.135113700,0.049113700,0
'2026-08-22 08:25:54.135113900,0.049113900,1
'2026-08-22 08:25:54.135114000,0.049114000,0
'2026-08-22 08:25:54.135114200,0.049114200,1
'2026-08-22 08:25:54.135114300,0.049114300,0
'2026-08-22 08:25:54.135114400,0.049114400,1
'2026-08-22 08:25:54.135114500,0.049114500,0
'2026-08-22 08:25:54.135114700,0.049114700,1
'2026-08-22 08:25:54.135115000,0.049115000,0
'2026-08-22 08:25:54.135115300,0.049115300,1
'2026-08-22 08:25:54.135115500,0.049115500,0
'2026-08-22 08:25:54.135115600,0.049115600,1
'2026-08-22 08:25:54.135116100,0.049116100,0
'2026-08-22 08:25:54.135116300,0.049116300,1
'2026-08-22 08:25:54.135116400,0.049116400,0
'2026-08-22 08:25:54.135116500,0.049116500,1
'2026-08-22 08:25:54.135116600,0.049116600,0
'2026-08-22 08:25:54.135116700,0.049116700,1
'2026-08-22 08:25:54.135117400,0.049117400,0
'2026-08-22 08:25:54.135117500,0.049117500,1
'2026-08-22 08:25:54.135118400,0.049118400,0
'2026-08-22 08:25:54.135118700,0.049118700,1
'2026-08-22 08:25:54.135119700,0.049119700,0
'2026-08-22 08:25:54.135119900,0.049119900,1
'2026-08-22 08:25:54.135137700,0.049137700,0
'2026-08-22 08:25:54.135137800,0.049137800,1
'2026-08-22 08:25:54.135140200,0.049140200,0
'2026-08-22 08:25:54.135140400,0.049140400,1
'2026-08-22 08:25:54.135141200,0.049141200,0
'2026-08-22 08:25:54.135141300,0.049141300,1
'2026-08-22 08:25:54.135141400,0.049141400,0
'2026-08-22 08:25:54.135141500,0.049141500,1
'2026-08-22 08:25:54.135142400,0.049142400,0
'2026-08-22 08:25:54.135142700,0.049142700,1
'2026-08-22 08:25:54.135143500,0.049143500,0
'2026-08-22 08:25:54.135143600,0.049143600,1
'2026-08-22 08:25:54.135146100,0.049146100,0
'2026-08-22 08:25:54.135146200,0.049146200,1
'2026-08-22 08:25:54.135146700,0.049146700,0
'2026-08-22 08:25:54.135146800,0.049146800,1
'2026-08-22 08:25:54.135163000,0.049163000,0
'2026-08-22 08:25:54.135163100,0.049163100,1
'2026-08-22 08:25:54.135168200,0.049168200,0
'2026-08-22 08:25:54.135168400,0.049168400,1
'2026-08-22 08:25:54.135170300,0.049170300,0
'2026-08-22 08:25:54.135170400,0.049170400,1
'2026-08-22 08:25:54.135172100,0.049172100,0
'2026-08-22 08:25:54.135172200,0.049172200,1
'2026-08-22 08:25:54.135172900,0.049172900,0
'2026-08-22 08:25:54.135173100,0.049173100,1
'2026-08-22 08:25:54.135191000,0.049191000,0
'2026-08-22 08:25:54.135191100,0.049191100,1
'2026-08-22 08:25:54.135195700,0.049195700,0
'2026-08-22 08:25:54.135195800,0.049195800,1
'2026-08-22 08:25:54.135196800,0.049196800,0
'2026-08-22 08:25:54.135196900,0.049196900,1
'2026-08-22 08:25:54.135223600,0.049223600,0
'2026-08-22 08:25:54.135223700,0.049223700,1
'2026-08-22 08:25:54.135224800,0.049224800,0
'2026-08-22 08:25:54.135224900,0.049224900,1
'2026-08-22 08:25:54.135249800,0.049249800,0
'2026-08-22 08:25:54.135249900,0.049249900,1
'2026-08-22 08:25:54.136698400,0.050698400,0
'2026-08-22 08:25:54.136698500,0.050698500,1
'2026-08-22 08:25:54.136698800,0.050698800,0
'2026-08-22 08:25:54.136699200,0.050699200,1
'2026-08-22 08:25:54.136699400,0.050699400,0
'2026-08-22 08:25:54.136699900,0.050699900,1
'2026-08-22 08:25:54.136700000,0.050700000,0
'2026-08-22 08:25:54.136700300,0.050700300,1
'2026-08-22 08:25:54.136700600,0.050700600,0
'2026-08-22 08:25:54.136701000,0.050701000,1
'2026-08-22 08:25:54.136701200,0.050701200,0
'2026-08-22 08:25:54.136701300,0.050701300,1
'2026-08-22 08:25:54.136701400,0.050701400,0
'2026-08-22 08:25:54.136701500,0.050701500,1
'2026-08-22 08:25:54.136701800,0.050701800,0
'2026-08-22 08:25:54.136702000,0.050702000,1
'2026-08-22 08:25:54.136702500,0.050702500,0
'2026-08-22 08:25:54.136702600,0.050702600,1
'2026-08-22 08:25:54.136702700,0.050702700,0
'2026-08-22 08:25:54.136702800,0.050702800,1
'2026-08-22 08:25:54.136702900,0.050702900,0
'2026-08-22 08:25:54.136703900,0.050703900,1
'2026-08-22 08:25:54.136704000,0.050704000,0
'2026-08-22 08:25:54.136704500,0.050704500,1
'2026-08-22 08:25:54.136704600,0.050704600,0
'2026-08-22 08:25:54.136705100,0.050705100,1
'2026-08-22 08:25:54.136705200,0.050705200,0
'2026-08-22 08:25:54.136705500,0.050705500,1
'2026-08-22 08:25:54.136705600,0.050705600,0
'2026-08-22 08:25:54.136705700,0.050705700,1
'2026-08-22 08:25:54.136705800,0.050705800,0
'2026-08-22 08:25:54.136706300,0.050706300,1
'2026-08-22 08:25:54.136706400,0.050706400,0
'2026-08-22 08:25:54.136706900,0.050706900,1
'2026-08-22 08:25:54.136707000,0.050707000,0
'2026-08-22 08:25:54.136708600,0.050708600,1
'2026-08-22 08:25:54.136708700,0.050708700,0
'2026-08-22 08:25:54.136708800,0.050708800,1
'2026-08-22 08:25:54.136708900,0.050708900,0
'2026-08-22 08:25:54.136709000,0.050709000,1
'2026-08-22 08:25:54.136724700,0.050724700,0
'2026-08-22 08:25:54.136724900,0.050724900,1
'2026-08-22 08:25:54.136725600,0.050725600,0
'2026-08-22 08:25:54.136725900,0.050725900,1
'2026-08-22 08:25:54.136726000,0.050726000,0
'2026-08-22 08:25:54.136726100,0.050726100,1
'2026-08-22 08:25:54.136726200,0.050726200,0
'2026-08-22 08:25:54.136726500,0.050726500,1
'2026-08-22 08:25:54.136726600,0.050726600,0
'2026-08-22 08:25:54.136726700,0.050726700,1
'2026-08-22 08:25:54.136726800,0.050726800,0
'2026-08-22 08:25:54.136726900,0.050726900,1
'2026-08-22 08:25:54.136727000,0.050727000,0
'2026-08-22 08:25:54.136727200,0.050727200,1
'2026-08-22 08:25:54.136727400,0.050727400,0
'2026-08-22 08:25:54.136727900,0.050727900,1
'2026-08-22 08:25:54.136728000,0.050728000,0
'2026-08-22 08:25:54.136728400,0.050728400,1
'2026-08-22 08:25:54.136728600,0.050728600,0
'2026-08-22 08:25:54.136728700,0.050728700,1
'2026-08-22 08:25:54.136728800,0.050728800,0
'2026-08-22 08:25:54.136729000,0.050729000,1
'2026-08-22 08:25:54.136729200,0.050729200,0
'2026-08-22 08:25:54.136729300,0.050729300,1
'2026-08-22 08:25:54.136729400,0.050729400,0
'2026-08-22 08:25:54.136729500,0.050729500,1
'2026-08-22 08:25:54.136729800,0.050729800,0
'2026-08-22 08:25:54.136730200,0.050730200,1
'2026-08-22 08:25:54.136730400,0.050730400,0
'2026-08-22 08:25:54.136730500,0.050730500,1
'2026-08-22 08:25:54.136731000,0.050731000,0
'2026-08-22 08:25:54.136731100,0.050731100,1
'2026-08-22 08:25:54.136731200,0.050731200,0
'2026-08-22 08:25:54.136731300,0.050731300,1
'2026-08-22 08:25:54.136731500,0.050731500,0
'2026-08-22 08:25:54.136731700,0.050731700,1
'2026-08-22 08:25:54.136732200,0.050732200,0
'2026-08-22 08:25:54.136732500,0.050732500,1
'2026-08-22 08:25:54.136733400,0.050733400,0
'2026-08-22 08:25:54.136733500,0.050733500,1
'2026-08-22 08:25:54.136734400,0.050734400,0
'2026-08-22 08:25:54.136734500,0.050734500,1
'2026-08-22 08:25:54.136734600,0.050734600,0
'2026-08-22 08:25:54.136734700,0.050734700,1
'2026-08-22 08:25:54.136735000,0.050735000,0
'2026-08-22 08:25:54.136735100,0.050735100,1
'2026-08-22 08:25:54.136754400,0.050754400,0
'2026-08-22 08:25:54.136754600,0.050754600,1
'2026-08-22 08:25:54.136755000,0.050755000,0
'2026-08-22 08:25:54.136755100,0.050755100,1
'2026-08-22 08:25:54.136755600,0.050755600,0
'2026-08-22 08:25:54.136755700,0.050755700,1
'2026-08-22 08:25:54.136756800,0.050756800,0
'2026-08-22 08:25:54.136756900,0.050756900,1
'2026-08-22 08:25:54.136757100,0.050757100,0
'2026-08-22 08:25:54.136757300,0.050757300,1
'2026-08-22 08:25:54.136757400,0.050757400,0
'2026-08-22 08:25:54.136757500,0.050757500,1
'2026-08-22 08:25:54.136757800,0.050757800,0
'2026-08-22 08:25:54.136758000,0.050758000,1
'2026-08-22 08:25:54.136758400,0.050758400,0
'2026-08-22 08:25:54.136758500,0.050758500,1
'2026-08-22 08:25:54.136758600,0.050758600,0
'2026-08-22 08:25:54.136758800,0.050758800,1
'2026-08-22 08:25:54.136759600,0.050759600,0
'2026-08-22 08:25:54.136759700,0.050759700,1
'2026-08-22 08:25:54.136759800,0.050759800,0
'2026-08-22 08:25:54.136759900,0.050759900,1
'2026-08-22 08:25:54.136786400,0.050786400,0
'2026-08-22 08:25:54.136786600,0.050786600,1
'2026-08-22 08:25:54.136811700,0.050811700,0
'2026-08-22 08:25:54.136811800,0.050811800,1
'2026-08-22 08:25:54.136836100,0.050836100,0
'2026-08-22 08:25:54.136836200,0.050836200,1
'2026-08-22 08:25:54.138312300,0.052312300,0
'2026-08-22 08:25:54.138312700,0.052312700,1
'2026-08-22 08:25:54.138312800,0.052312800,0
'2026-08-22 08:25:54.138313300,0.052313300,1
'2026-08-22 08:25:54.138313400,0.052313400,0
'2026-08-22 08:25:54.138313900,0.052313900,1
'2026-08-22 08:25:54.138314000,0.052314000,0
'2026-08-22 08:25:54.138314300,0.052314300,1
'2026-08-22 08:25:54.138314600,0.052314600,0
'2026-08-22 08:25:54.138314900,0.052314900,1
'2026-08-22 08:25:54.138315000,0.052315000,0
'2026-08-22 08:25:54.138315100,0.052315100,1
'2026-08-22 08:25:54.138315500,0.052315500,0
'2026-08-22 08:25:54.138315700,0.052315700,1
'2026-08-22 08:25:54.138316000,0.052316000,0
'2026-08-22 08:25:54.138316100,0.052316100,1
'2026-08-22 08:25:54.138316200,0.052316200,0
'2026-08-22 08:25:54.138317300,0.052317300,1
'2026-08-22 08:25:54.138317500,0.052317500,0
'2026-08-22 08:25:54.138318100,0.052318100,1
'2026-08-22 08:25:54.138318200,0.052318200,0
'2026-08-22 08:25:54.138319200,0.052319200,1
'2026-08-22 08:25:54.138319300,0.052319300,0
'2026-08-22 08:25:54.138320300,0.052320300,1
'2026-08-22 08:25:54.138320400,0.052320400,0
'2026-08-22 08:25:54.138320900,0.052320900,1
'2026-08-22 08:25:54.138321000,0.052321000,0
'2026-08-22 08:25:54.138321500,0.052321500,1
'2026-08-22 08:25:54.138321600,0.052321600,0
'2026-08-22 08:25:54.138321700,0.052321700,1
'2026-08-22 08:25:54.138321800,0.052321800,0
'2026-08-22 08:25:54.138322600,0.052322600,1
'2026-08-22 08:25:54.138322700,0.052322700,0
'2026-08-22 08:25:54.138323100,0.052323100,1
'2026-08-22 08:25:54.138338600,0.052338600,0
'2026-08-22 08:25:54.138338700,0.052338700,1
'2026-08-22 08:25:54.138338800,0.052338800,0
'2026-08-22 08:25:54.138339000,0.052339000,1
'2026-08-22 08:25:54.138339200,0.052339200,0
'2026-08-22 08:25:54.138339600,0.052339600,1
'2026-08-22 08:25:54.138339700,0.052339700,0
'2026-08-22 08:25:54.138340200,0.052340200,1
'2026-08-22 08:25:54.138340300,0.052340300,0
'2026-08-22 08:25:54.138340400,0.052340400,1
'2026-08-22 08:25:54.138340500,0.052340500,0
'2026-08-22 08:25:54.138340600,0.052340600,1
'2026-08-22 08:25:54.138340700,0.052340700,0
'2026-08-22 08:25:54.138341300,0.052341300,1
'2026-08-22 08:25:54.138341700,0.052341700,0
'2026-08-22 08:25:54.138341900,0.052341900,1
'2026-08-22 08:25:54.138342100,0.052342100,0
'2026-08-22 08:25:54.138342500,0.052342500,1
'2026-08-22 08:25:54.138342600,0.052342600,0
'2026-08-22 08:25:54.138342700,0.052342700,1
'2026-08-22 08:25:54.138342800,0.052342800,0
'2026-08-22 08:25:54.138343100,0.052343100,1
'2026-08-22 08:25:54.138343200,0.052343200,0
'2026-08-22 08:25:54.138343700,0.052343700,1
'2026-08-22 08:25:54.138343800,0.052343800,0
'2026-08-22 08:25:54.138343900,0.052343900,1
'2026-08-22 08:25:54.138344000,0.052344000,0
'2026-08-22 08:25:54.138344300,0.052344300,1
'2026-08-22 08:25:54.138344400,0.052344400,0
'2026-08-22 08:25:54.138344500,0.052344500,1
'2026-08-22 08:25:54.138344600,0.052344600,0
'2026-08-22 08:25:54.138344800,0.052344800,1
'2026-08-22 08:25:54.138345200,0.052345200,0
'2026-08-22 08:25:54.138345400,0.052345400,1
'2026-08-22 08:25:54.138346100,0.052346100,0
'2026-08-22 08:25:54.138346200,0.052346200,1
'2026-08-22 08:25:54.138346400,0.052346400,0
'2026-08-22 08:25:54.138346600,0.052346600,1
'2026-08-22 08:25:54.138346800,0.052346800,0
'2026-08-22 08:25:54.138346900,0.052346900,1
'2026-08-22 08:25:54.138347400,0.052347400,0
'2026-08-22 08:25:54.138347500,0.052347500,1
'2026-08-22 08:25:54.138347600,0.052347600,0
'2026-08-22 08:25:54.138347700,0.052347700,1
'2026-08-22 08:25:54.138347800,0.052347800,0
'2026-08-22 08:25:54.138347900,0.052347900,1
'2026-08-22 08:25:54.138348100,0.052348100,0
'2026-08-22 08:25:54.138348300,0.052348300,1
'2026-08-22 08:25:54.138348400,0.052348400,0
'2026-08-22 08:25:54.138348900,0.052348900,1
'2026-08-22 08:25:54.138365200,0.052365200,0
'2026-08-22 08:25:54.138365300,0.052365300,1
'2026-08-22 08:25:54.138366200,0.052366200,0
'2026-08-22 08:25:54.138366300,0.052366300,1
'2026-08-22 08:25:54.138367200,0.052367200,0
'2026-08-22 08:25:54.138367300,0.052367300,1
'2026-08-22 08:25:54.138369800,0.052369800,0
'2026-08-22 08:25:54.138369900,0.052369900,1
'2026-08-22 08:25:54.138370100,0.052370100,0
'2026-08-22 08:25:54.138370400,0.052370400,1
'2026-08-22 08:25:54.138370500,0.052370500,0
'2026-08-22 08:25:54.138370600,0.052370600,1
'2026-08-22 08:25:54.138370700,0.052370700,0
'2026-08-22 08:25:54.138370800,0.052370800,1
'2026-08-22 08:25:54.138370900,0.052370900,0
'2026-08-22 08:25:54.138371000,0.052371000,1
'2026-08-22 08:25:54.138371400,0.052371400,0
'2026-08-22 08:25:54.138371700,0.052371700,1
'2026-08-22 08:25:54.138371800,0.052371800,0
'2026-08-22 08:25:54.138371900,0.052371900,1
'2026-08-22 08:25:54.138372000,0.052372000,0
'2026-08-22 08:25:54.138372200,0.052372200,1
'2026-08-22 08:25:54.138372500,0.052372500,0
'2026-08-22 08:25:54.138372900,0.052372900,1
'2026-08-22 08:25:54.138373800,0.052373800,0
'2026-08-22 08:25:54.138373900,0.052373900,1
'2026-08-22 08:25:54.138374000,0.052374000,0
'2026-08-22 08:25:54.138374100,0.052374100,1
'2026-08-22 08:25:54.138374500,0.052374500,0
'2026-08-22 08:25:54.138374600,0.052374600,1
'2026-08-22 08:25:54.138375000,0.052375000,0
'2026-08-22 08:25:54.138375200,0.052375200,1
'2026-08-22 08:25:54.138392400,0.052392400,0
'2026-08-22 08:25:54.138392500,0.052392500,1
'2026-08-22 08:25:54.138393400,0.052393400,0
'2026-08-22 08:25:54.138393500,0.052393500,1
'2026-08-22 08:25:54.138393600,0.052393600,0
'2026-08-22 08:25:54.138393700,0.052393700,1
'2026-08-22 08:25:54.138397800,0.052397800,0
'2026-08-22 08:25:54.138397900,0.052397900,1
'2026-08-22 08:25:54.138398400,0.052398400,0
'2026-08-22 08:25:54.138398500,0.052398500,1
'2026-08-22 08:25:54.138399400,0.052399400,0
'2026-08-22 08:25:54.138399700,0.052399700,1
'2026-08-22 08:25:54.138400400,0.052400400,0
'2026-08-22 08:25:54.138400600,0.052400600,1
'2026-08-22 08:25:54.138417400,0.052417400,0
'2026-08-22 08:25:54.138417500,0.052417500,1
'2026-08-22 08:25:54.138422800,0.052422800,0
'2026-08-22 08:25:54.138422900,0.052422900,1
'2026-08-22 08:25:54.138423400,0.052423400,0
'2026-08-22 08:25:54.138423500,0.052423500,1
'2026-08-22 08:25:54.139926600,0.053926600,0
'2026-08-22 08:25:54.139926700,0.053926700,1
'2026-08-22 08:25:54.139926800,0.053926800,0
'2026-08-22 08:25:54.139927000,0.053927000,1
'2026-08-22 08:25:54.139927100,0.053927100,0
'2026-08-22 08:25:54.139927200,0.053927200,1
'2026-08-22 08:25:54.139927400,0.053927400,0
'2026-08-22 08:25:54.139927800,0.053927800,1
'2026-08-22 08:25:54.139928000,0.053928000,0
'2026-08-22 08:25:54.139930700,0.053930700,1
'2026-08-22 08:25:54.139930800,0.053930800,0
'2026-08-22 08:25:54.139931300,0.053931300,1
'2026-08-22 08:25:54.139931400,0.053931400,0
'2026-08-22 08:25:54.139932500,0.053932500,1
'2026-08-22 08:25:54.139932600,0.053932600,0
'2026-08-22 08:25:54.139933100,0.053933100,1
'2026-08-22 08:25:54.139933200,0.053933200,0
'2026-08-22 08:25:54.139933500,0.053933500,1
'2026-08-22 08:25:54.139933800,0.053933800,0
'2026-08-22 08:25:54.139934200,0.053934200,1
'2026-08-22 08:25:54.139934400,0.053934400,0
'2026-08-22 08:25:54.139934500,0.053934500,1
'2026-08-22 08:25:54.139934600,0.053934600,0
'2026-08-22 08:25:54.139934800,0.053934800,1
'2026-08-22 08:25:54.139935000,0.053935000,0
'2026-08-22 08:25:54.139935300,0.053935300,1
'2026-08-22 08:25:54.139935800,0.053935800,0
'2026-08-22 08:25:54.139936000,0.053936000,1
'2026-08-22 08:25:54.139936200,0.053936200,0
'2026-08-22 08:25:54.139937200,0.053937200,1
'2026-08-22 08:25:54.139952100,0.053952100,0
'2026-08-22 08:25:54.139952300,0.053952300,1
'2026-08-22 08:25:54.139952600,0.053952600,0
'2026-08-22 08:25:54.139952700,0.053952700,1
'2026-08-22 08:25:54.139953400,0.053953400,0
'2026-08-22 08:25:54.139953500,0.053953500,1
'2026-08-22 08:25:54.139954400,0.053954400,0
'2026-08-22 08:25:54.139954700,0.053954700,1
'2026-08-22 08:25:54.139955000,0.053955000,0
'2026-08-22 08:25:54.139955200,0.053955200,1
'2026-08-22 08:25:54.139955600,0.053955600,0
'2026-08-22 08:25:54.139955900,0.053955900,1
'2026-08-22 08:25:54.139956000,0.053956000,0
'2026-08-22 08:25:54.139956400,0.053956400,1
'2026-08-22 08:25:54.139956600,0.053956600,0
'2026-08-22 08:25:54.139958300,0.053958300,1
'2026-08-22 08:25:54.139958400,0.053958400,0
'2026-08-22 08:25:54.139958700,0.053958700,1
'2026-08-22 08:25:54.139958900,0.053958900,0
'2026-08-22 08:25:54.139959700,0.053959700,1
'2026-08-22 08:25:54.139959800,0.053959800,0
'2026-08-22 08:25:54.139959900,0.053959900,1
'2026-08-22 08:25:54.139960000,0.053960000,0
'2026-08-22 08:25:54.139960500,0.053960500,1
'2026-08-22 08:25:54.139960600,0.053960600,0
'2026-08-22 08:25:54.139960700,0.053960700,1
'2026-08-22 08:25:54.139960800,0.053960800,0
'2026-08-22 08:25:54.139961100,0.053961100,1
'2026-08-22 08:25:54.139961200,0.053961200,0
'2026-08-22 08:25:54.139961500,0.053961500,1
'2026-08-22 08:25:54.139961600,0.053961600,0
'2026-08-22 08:25:54.139961700,0.053961700,1
'2026-08-22 08:25:54.139961800,0.053961800,0
'2026-08-22 08:25:54.139961900,0.053961900,1
'2026-08-22 08:25:54.139962000,0.053962000,0
'2026-08-22 08:25:54.139962100,0.053962100,1
'2026-08-22 08:25:54.139962400,0.053962400,0
'2026-08-22 08:25:54.139962900,0.053962900,1
'2026-08-22 08:25:54.139963200,0.053963200,0
'2026-08-22 08:25:54.139963300,0.053963300,1
'2026-08-22 08:25:54.139978800,0.053978800,0
'2026-08-22 08:25:54.139979100,0.053979100,1
'2026-08-22 08:25:54.139979400,0.053979400,0
'2026-08-22 08:25:54.139979700,0.053979700,1
'2026-08-22 08:25:54.139979900,0.053979900,0
'2026-08-22 08:25:54.139980400,0.053980400,1
'2026-08-22 08:25:54.139980600,0.053980600,0
'2026-08-22 08:25:54.139980700,0.053980700,1
'2026-08-22 08:25:54.139980800,0.053980800,0
'2026-08-22 08:25:54.139980900,0.053980900,1
'2026-08-22 08:25:54.139981100,0.053981100,0
'2026-08-22 08:25:54.139981300,0.053981300,1
'2026-08-22 08:25:54.139982000,0.053982000,0
'2026-08-22 08:25:54.139982100,0.053982100,1
'2026-08-22 08:25:54.139982300,0.053982300,0
'2026-08-22 08:25:54.139982500,0.053982500,1
'2026-08-22 08:25:54.139982800,0.053982800,0
'2026-08-22 08:25:54.139982900,0.053982900,1
'2026-08-22 08:25:54.139983000,0.053983000,0
'2026-08-22 08:25:54.139983300,0.053983300,1
'2026-08-22 08:25:54.139983500,0.053983500,0
'2026-08-22 08:25:54.139983700,0.053983700,1
'2026-08-22 08:25:54.139984200,0.053984200,0
'2026-08-22 08:25:54.139984300,0.053984300,1
'2026-08-22 08:25:54.139986600,0.053986600,0
'2026-08-22 08:25:54.139986700,0.053986700,1
'2026-08-22 08:25:54.139987000,0.053987000,0
'2026-08-22 08:25:54.139987100,0.053987100,1
'2026-08-22 08:25:54.139987200,0.053987200,0
'2026-08-22 08:25:54.139987300,0.053987300,1
'2026-08-22 08:25:54.139987600,0.053987600,0
'2026-08-22 08:25:54.139987800,0.053987800,1
'2026-08-22 08:25:54.139987900,0.053987900,0
'2026-08-22 08:25:54.139988000,0.053988000,1
'2026-08-22 08:25:54.139988200,0.053988200,0
'2026-08-22 08:25:54.139988500,0.053988500,1
'2026-08-22 08:25:54.139988700,0.053988700,0
'2026-08-22 08:25:54.139989100,0.053989100,1
'2026-08-22 08:25:54.140008600,0.054008600,0
'2026-08-22 08:25:54.140008700,0.054008700,1
'2026-08-22 08:25:54.140008800,0.054008800,0
'2026-08-22 08:25:54.140008900,0.054008900,1
'2026-08-22 08:25:54.140009300,0.054009300,0
'2026-08-22 08:25:54.140010200,0.054010200,1
'2026-08-22 08:25:54.140010400,0.054010400,0
'2026-08-22 08:25:54.140010800,0.054010800,1
'2026-08-22 08:25:54.140010900,0.054010900,0
'2026-08-22 08:25:54.140011100,0.054011100,1
'2026-08-22 08:25:54.140011200,0.054011200,0
'2026-08-22 08:25:54.140011300,0.054011300,1
'2026-08-22 08:25:54.140011700,0.054011700,0
'2026-08-22 08:25:54.140011900,0.054011900,1
'2026-08-22 08:25:54.140012400,0.054012400,0
'2026-08-22 08:25:54.140012500,0.054012500,1
'2026-08-22 08:25:54.140012700,0.054012700,0
'2026-08-22 08:25:54.140012900,0.054012900,1
'2026-08-22 08:25:54.140031400,0.054031400,0
'2026-08-22 08:25:54.140031500,0.054031500,1
'2026-08-22 08:25:54.140040200,0.054040200,0
'2026-08-22 08:25:54.140040300,0.054040300,1
'2026-08-22 08:25:54.140041300,0.054041300,0
'2026-08-22 08:25:54.140041400,0.054041400,1
'2026-08-22 08:25:54.140061900,0.054061900,0
'2026-08-22 08:25:54.140062100,0.054062100,1
'2026-08-22 08:25:54.141543400,0.055543400,0
'2026-08-22 08:25:54.141543700,0.055543700,1
'2026-08-22 08:25:54.141543800,0.055543800,0
'2026-08-22 08:25:54.141544100,0.055544100,1
'2026-08-22 08:25:54.141544400,0.055544400,0
'2026-08-22 08:25:54.141545000,0.055545000,1
'2026-08-22 08:25:54.141545100,0.055545100,0
'2026-08-22 08:25:54.141545300,0.055545300,1
'2026-08-22 08:25:54.141545500,0.055545500,0
'2026-08-22 08:25:54.141547700,0.055547700,1
'2026-08-22 08:25:54.141548000,0.055548000,0
'2026-08-22 08:25:54.141548300,0.055548300,1
'2026-08-22 08:25:54.141548400,0.055548400,0
'2026-08-22 08:25:54.141549500,0.055549500,1
'2026-08-22 08:25:54.141549600,0.055549600,0
'2026-08-22 08:25:54.141550700,0.055550700,1
'2026-08-22 08:25:54.141550800,0.055550800,0
'2026-08-22 08:25:54.141551200,0.055551200,1
'2026-08-22 08:25:54.141567200,0.055567200,0
'2026-08-22 08:25:54.141568200,0.055568200,1
'2026-08-22 08:25:54.141568300,0.055568300,0
'2026-08-22 08:25:54.141569300,0.055569300,1
'2026-08-22 08:25:54.141569500,0.055569500,0
'2026-08-22 08:25:54.141570100,0.055570100,1
'2026-08-22 08:25:54.141570200,0.055570200,0
'2026-08-22 08:25:54.141570500,0.055570500,1
'2026-08-22 08:25:54.141570600,0.055570600,0
'2026-08-22 08:25:54.141571000,0.055571000,1
'2026-08-22 08:25:54.141571800,0.055571800,0
'2026-08-22 08:25:54.141572100,0.055572100,1
'2026-08-22 08:25:54.141572200,0.055572200,0
'2026-08-22 08:25:54.141572300,0.055572300,1
'2026-08-22 08:25:54.141572400,0.055572400,0
'2026-08-22 08:25:54.141572700,0.055572700,1
'2026-08-22 08:25:54.141572800,0.055572800,0
'2026-08-22 08:25:54.141572900,0.055572900,1
'2026-08-22 08:25:54.141573000,0.055573000,0
'2026-08-22 08:25:54.141573300,0.055573300,1
'2026-08-22 08:25:54.141573800,0.055573800,0
'2026-08-22 08:25:54.141574000,0.055574000,1
'2026-08-22 08:25:54.141574100,0.055574100,0
'2026-08-22 08:25:54.141574200,0.055574200,1
'2026-08-22 08:25:54.141574300,0.055574300,0
'2026-08-22 08:25:54.141574600,0.055574600,1
'2026-08-22 08:25:54.141574800,0.055574800,0
'2026-08-22 08:25:54.141575100,0.055575100,1
'2026-08-22 08:25:54.141575300,0.055575300,0
'2026-08-22 08:25:54.141575800,0.055575800,1
'2026-08-22 08:25:54.141576100,0.055576100,0
'2026-08-22 08:25:54.141576900,0.055576900,1
'2026-08-22 08:25:54.141577200,0.055577200,0
'2026-08-22 08:25:54.141577300,0.055577300,1
'2026-08-22 08:25:54.141595300,0.055595300,0
'2026-08-22 08:25:54.141595400,0.055595400,1
'2026-08-22 08:25:54.141595500,0.055595500,0
'2026-08-22 08:25:54.141595600,0.055595600,1
'2026-08-22 08:25:54.141595700,0.055595700,0
'2026-08-22 08:25:54.141595900,0.055595900,1
'2026-08-22 08:25:54.141596100,0.055596100,0
'2026-08-22 08:25:54.141596200,0.055596200,1
'2026-08-22 08:25:54.141596400,0.055596400,0
'2026-08-22 08:25:54.141596500,0.055596500,1
'2026-08-22 08:25:54.141596600,0.055596600,0
'2026-08-22 08:25:54.141596700,0.055596700,1
'2026-08-22 08:25:54.141597000,0.055597000,0
'2026-08-22 08:25:54.141597100,0.055597100,1
'2026-08-22 08:25:54.141597200,0.055597200,0
'2026-08-22 08:25:54.141597400,0.055597400,1
'2026-08-22 08:25:54.141597600,0.055597600,0
'2026-08-22 08:25:54.141597900,0.055597900,1
'2026-08-22 08:25:54.141598100,0.055598100,0
'2026-08-22 08:25:54.141598500,0.055598500,1
'2026-08-22 08:25:54.141598900,0.055598900,0
'2026-08-22 08:25:54.141599000,0.055599000,1
'2026-08-22 08:25:54.141599200,0.055599200,0
'2026-08-22 08:25:54.141599700,0.055599700,1
'2026-08-22 08:25:54.141599800,0.055599800,0
'2026-08-22 08:25:54.141599900,0.055599900,1
'2026-08-22 08:25:54.141600200,0.055600200,0
'2026-08-22 08:25:54.141600300,0.055600300,1
'2026-08-22 08:25:54.141600600,0.055600600,0
'2026-08-22 08:25:54.141600700,0.055600700,1
'2026-08-22 08:25:54.141600800,0.055600800,0
'2026-08-22 08:25:54.141600900,0.055600900,1
'2026-08-22 08:25:54.141601200,0.055601200,0
'2026-08-22 08:25:54.141601300,0.055601300,1
'2026-08-22 08:25:54.141619400,0.055619400,0
'2026-08-22 08:25:54.141619500,0.055619500,1
'2026-08-22 08:25:54.141620900,0.055620900,0
'2026-08-22 08:25:54.141621000,0.055621000,1
'2026-08-22 08:25:54.141621100,0.055621100,0
'2026-08-22 08:25:54.141621300,0.055621300,1
'2026-08-22 08:25:54.141621400,0.055621400,0
'2026-08-22 08:25:54.141621500,0.055621500,1
'2026-08-22 08:25:54.141624000,0.055624000,0
'2026-08-22 08:25:54.141624100,0.055624100,1
'2026-08-22 08:25:54.141626800,0.055626800,0
'2026-08-22 08:25:54.141626900,0.055626900,1
'2026-08-22 08:25:54.141629100,0.055629100,0
'2026-08-22 08:25:54.141629300,0.055629300,1
'2026-08-22 08:25:54.141653500,0.055653500,0
'2026-08-22 08:25:54.141653600,0.055653600,1
'2026-08-22 08:25:54.141680000,0.055680000,0
'2026-08-22 08:25:54.141680100,0.055680100,1
'2026-08-22 08:25:54.145628400,0.059628400,0
'2026-08-22 08:25:54.145628500,0.059628500,1
'2026-08-22 08:25:54.145628900,0.059628900,0
'2026-08-22 08:25:54.145629000,0.059629000,1
'2026-08-22 08:25:54.145629200,0.059629200,0
'2026-08-22 08:25:54.145629300,0.059629300,1
'2026-08-22 08:25:54.145629400,0.059629400,0
'2026-08-22 08:25:54.145629600,0.059629600,1
'2026-08-22 08:25:54.145630100,0.059630100,0
'2026-08-22 08:25:54.145630200,0.059630200,1
'2026-08-22 08:25:54.145630800,0.059630800,0
'2026-08-22 08:25:54.145630900,0.059630900,1
'2026-08-22 08:25:54.145631100,0.059631100,0
'2026-08-22 08:25:54.145631500,0.059631500,1
'2026-08-22 08:25:54.145631600,0.059631600,0
'2026-08-22 08:25:54.145631900,0.059631900,1
'2026-08-22 08:25:54.145632200,0.059632200,0
'2026-08-22 08:25:54.145632600,0.059632600,1
'2026-08-22 08:25:54.145632700,0.059632700,0
'2026-08-22 08:25:54.145633100,0.059633100,1
'2026-08-22 08:25:54.145633300,0.059633300,0
'2026-08-22 08:25:54.145633800,0.059633800,1
'2026-08-22 08:25:54.145634500,0.059634500,0
'2026-08-22 08:25:54.145634900,0.059634900,1
'2026-08-22 08:25:54.145635100,0.059635100,0
'2026-08-22 08:25:54.145635500,0.059635500,1
'2026-08-22 08:25:54.145635600,0.059635600,0
'2026-08-22 08:25:54.145635700,0.059635700,1
'2026-08-22 08:25:54.145635800,0.059635800,0
'2026-08-22 08:25:54.145636100,0.059636100,1
'2026-08-22 08:25:54.145636500,0.059636500,0
'2026-08-22 08:25:54.145636700,0.059636700,1
'2026-08-22 08:25:54.145637000,0.059637000,0
'2026-08-22 08:25:54.145637100,0.059637100,1
'2026-08-22 08:25:54.145637500,0.059637500,0
'2026-08-22 08:25:54.145637900,0.059637900,1
'2026-08-22 08:25:54.145638000,0.059638000,0
'2026-08-22 08:25:54.145638100,0.059638100,1
'2026-08-22 08:25:54.145638200,0.059638200,0
'2026-08-22 08:25:54.145638300,0.059638300,1
'2026-08-22 08:25:54.145638900,0.059638900,0
'2026-08-22 08:25:54.145639000,0.059639000,1
'2026-08-22 08:25:54.145655800,0.059655800,0
'2026-08-22 08:25:54.145655900,0.059655900,1
'2026-08-22 08:25:54.145656800,0.059656800,0
'2026-08-22 08:25:54.145656900,0.059656900,1
'2026-08-22 08:25:54.145658600,0.059658600,0
'2026-08-22 08:25:54.145658700,0.059658700,1
'2026-08-22 08:25:54.145659800,0.059659800,0
'2026-08-22 08:25:54.145659900,0.059659900,1
'2026-08-22 08:25:54.145660800,0.059660800,0
'2026-08-22 08:25:54.145661100,0.059661100,1
'2026-08-22 08:25:54.145662100,0.059662100,0
'2026-08-22 08:25:54.145662200,0.059662200,1
'2026-08-22 08:25:54.145662500,0.059662500,0
'2026-08-22 08:25:54.145662600,0.059662600,1
'2026-08-22 08:25:54.145662800,0.059662800,0
'2026-08-22 08:25:54.145662900,0.059662900,1
'2026-08-22 08:25:54.145663200,0.059663200,0
'2026-08-22 08:25:54.145663500,0.059663500,1
'2026-08-22 08:25:54.145663800,0.059663800,0
'2026-08-22 08:25:54.145664000,0.059664000,1
'2026-08-22 08:25:54.145664300,0.059664300,0
'2026-08-22 08:25:54.145664400,0.059664400,1
'2026-08-22 08:25:54.145683600,0.059683600,0
'2026-08-22 08:25:54.145683900,0.059683900,1
'2026-08-22 08:25:54.145684200,0.059684200,0
'2026-08-22 08:25:54.145684300,0.059684300,1
'2026-08-22 08:25:54.145684800,0.059684800,0
'2026-08-22 08:25:54.145685100,0.059685100,1
'2026-08-22 08:25:54.145686000,0.059686000,0
'2026-08-22 08:25:54.145686100,0.059686100,1
'2026-08-22 08:25:54.145687200,0.059687200,0
'2026-08-22 08:25:54.145687400,0.059687400,1
'2026-08-22 08:25:54.145691300,0.059691300,0
'2026-08-22 08:25:54.145691400,0.059691400,1
'2026-08-22 08:25:54.145707400,0.059707400,0
'2026-08-22 08:25:54.145707500,0.059707500,1
'2026-08-22 08:25:54.145715100,0.059715100,0
'2026-08-22 08:25:54.145715200,0.059715200,1
'2026-08-22 08:25:54.145715300,0.059715300,0
'2026-08-22 08:25:54.145715400,0.059715400,1
'2026-08-22 08:25:54.145716200,0.059716200,0
'2026-08-22 08:25:54.145716400,0.059716400,1
'2026-08-22 08:25:54.145717600,0.059717600,0
'2026-08-22 08:25:54.145717700,0.059717700,1
'2026-08-22 08:25:54.145767800,0.059767800,0
'2026-08-22 08:25:54.145767900,0.059767900,1
'2026-08-22 08:25:54.152226300,0.066226300,0
'2026-08-22 08:25:54.152226400,0.066226400,1
'2026-08-22 08:25:54.152226600,0.066226600,0
'2026-08-22 08:25:54.152226700,0.066226700,1
'2026-08-22 08:25:54.152226900,0.066226900,0
'2026-08-22 08:25:54.152227000,0.066227000,1
'2026-08-22 08:25:54.153839200,0.067839200,0
'2026-08-22 08:25:54.153839300,0.067839300,1
'2026-08-22 08:25:54.153839600,0.067839600,0
'2026-08-22 08:25:54.153839700,0.067839700,1
'2026-08-22 08:25:54.153840100,0.067840100,0
'2026-08-22 08:25:54.153840200,0.067840200,1
'2026-08-22 08:25:54.153840300,0.067840300,0
'2026-08-22 08:25:54.153840500,0.067840500,1
'2026-08-22 08:25:54.153840600,0.067840600,0
'2026-08-22 08:25:54.153840700,0.067840700,1
'2026-08-22 08:25:54.153841300,0.067841300,0
'2026-08-22 08:25:54.153841400,0.067841400,1
'2026-08-22 08:25:54.153842600,0.067842600,0
'2026-08-22 08:25:54.153842700,0.067842700,1
'2026-08-22 08:25:54.153860600,0.067860600,0
'2026-08-22 08:25:54.153860700,0.067860700,1
'2026-08-22 08:25:54.153865200,0.067865200,0
'2026-08-22 08:25:54.153865300,0.067865300,1
'2026-08-22 08:25:54.153868300,0.067868300,0
'2026-08-22 08:25:54.153868500,0.067868500,1
'2026-08-22 08:25:54.153869200,0.067869200,0
'2026-08-22 08:25:54.153869300,0.067869300,1
'2026-08-22 08:25:54.153920200,0.067920200,0
'2026-08-22 08:25:54.153920400,0.067920400,1
'2026-08-22 08:25:54.153921100,0.067921100,0
'2026-08-22 08:25:54.153921200,0.067921200,1
'2026-08-22 08:25:54.153921400,0.067921400,0
'2026-08-22 08:25:54.153921500,0.067921500,1
'2026-08-22 08:25:54.153973300,0.067973300,0
'2026-08-22 08:25:54.153973400,0.067973400,1
'2026-08-22 08:25:54.155453800,0.069453800,0
'2026-08-22 08:25:54.155454100,0.069454100,1
'2026-08-22 08:25:54.155455100,0.069455100,0
'2026-08-22 08:25:54.155455200,0.069455200,1
'2026-08-22 08:25:54.155456200,0.069456200,0
'2026-08-22 08:25:54.155456400,0.069456400,1
'2026-08-22 08:25:54.155457300,0.069457300,0
'2026-08-22 08:25:54.155457500,0.069457500,1
'2026-08-22 08:25:54.155473600,0.069473600,0
'2026-08-22 08:25:54.155473700,0.069473700,1
'2026-08-22 08:25:54.155473800,0.069473800,0
'2026-08-22 08:25:54.155473900,0.069473900,1
'2026-08-22 08:25:54.155474200,0.069474200,0
'2026-08-22 08:25:54.155474400,0.069474400,1
'2026-08-22 08:25:54.155475400,0.069475400,0
'2026-08-22 08:25:54.155475500,0.069475500,1
'2026-08-22 08:25:54.155475600,0.069475600,0
'2026-08-22 08:25:54.155475700,0.069475700,1
'2026-08-22 08:25:54.155475900,0.069475900,0
'2026-08-22 08:25:54.155476000,0.069476000,1
'2026-08-22 08:25:54.155477300,0.069477300,0
'2026-08-22 08:25:54.155477400,0.069477400,1
'2026-08-22 08:25:54.155477600,0.069477600,0
'2026-08-22 08:25:54.155477700,0.069477700,1
'2026-08-22 08:25:54.155477800,0.069477800,0
'2026-08-22 08:25:54.155478000,0.069478000,1
'2026-08-22 08:25:54.155478200,0.069478200,0
'2026-08-22 08:25:54.155478300,0.069478300,1
'2026-08-22 08:25:54.155478400,0.069478400,0
'2026-08-22 08:25:54.155478500,0.069478500,1
'2026-08-22 08:25:54.155478600,0.069478600,0
'2026-08-22 08:25:54.155478700,0.069478700,1
'2026-08-22 08:25:54.155478800,0.069478800,0
'2026-08-22 08:25:54.155479100,0.069479100,1
'2026-08-22 08:25:54.155479200,0.069479200,0
'2026-08-22 08:25:54.155479300,0.069479300,1
'2026-08-22 08:25:54.155479400,0.069479400,0
'2026-08-22 08:25:54.155479700,0.069479700,1
'2026-08-22 08:25:54.155480000,0.069480000,0
'2026-08-22 08:25:54.155480100,0.069480100,1
'2026-08-22 08:25:54.155480800,0.069480800,0
'2026-08-22 08:25:54.155480900,0.069480900,1
'2026-08-22 08:25:54.155481000,0.069481000,0
'2026-08-22 08:25:54.155482100,0.069482100,1
'2026-08-22 08:25:54.155482400,0.069482400,0
'2026-08-22 08:25:54.155482700,0.069482700,1
'2026-08-22 08:25:54.155483000,0.069483000,0
'2026-08-22 08:25:54.155483100,0.069483100,1
'2026-08-22 08:25:54.155483200,0.069483200,0
'2026-08-22 08:25:54.155483300,0.069483300,1
'2026-08-22 08:25:54.155483500,0.069483500,0
'2026-08-22 08:25:54.155483600,0.069483600,1
'2026-08-22 08:25:54.155500000,0.069500000,0
'2026-08-22 08:25:54.155500200,0.069500200,1
'2026-08-22 08:25:54.155501100,0.069501100,0
'2026-08-22 08:25:54.155501400,0.069501400,1
'2026-08-22 08:25:54.155501600,0.069501600,0
'2026-08-22 08:25:54.155501900,0.069501900,1
'2026-08-22 08:25:54.155502400,0.069502400,0
'2026-08-22 08:25:54.155502600,0.069502600,1
'2026-08-22 08:25:54.155503500,0.069503500,0
'2026-08-22 08:25:54.155503600,0.069503600,1
'2026-08-22 08:25:54.155506300,0.069506300,0
'2026-08-22 08:25:54.155506500,0.069506500,1
'2026-08-22 08:25:54.155507700,0.069507700,0
'2026-08-22 08:25:54.155507800,0.069507800,1
'2026-08-22 08:25:54.155508200,0.069508200,0
'2026-08-22 08:25:54.155508300,0.069508300,1
'2026-08-22 08:25:54.155508600,0.069508600,0
'2026-08-22 08:25:54.155508700,0.069508700,1
'2026-08-22 08:25:54.155508800,0.069508800,0
'2026-08-22 08:25:54.155508900,0.069508900,1
'2026-08-22 08:25:54.155530200,0.069530200,0
'2026-08-22 08:25:54.155530300,0.069530300,1
'2026-08-22 08:25:54.155530400,0.069530400,0
'2026-08-22 08:25:54.155530600,0.069530600,1
'2026-08-22 08:25:54.155530800,0.069530800,0
'2026-08-22 08:25:54.155530900,0.069530900,1
'2026-08-22 08:25:54.155531400,0.069531400,0
'2026-08-22 08:25:54.155531500,0.069531500,1
'2026-08-22 08:25:54.155560300,0.069560300,0
'2026-08-22 08:25:54.155560400,0.069560400,1
'2026-08-22 08:25:54.156309600,0.070309600,0
'2026-08-22 08:25:54.156309700,0.070309700,1
'2026-08-22 08:25:54.162015900,0.076015900,0
'2026-08-22 08:25:54.162016000,0.076016000,1
'2026-08-22 08:25:54.162018100,0.076018100,0
'2026-08-22 08:25:54.162018300,0.076018300,1
'2026-08-22 08:25:54.162018400,0.076018400,0
'2026-08-22 08:25:54.162018500,0.076018500,1
'2026-08-22 08:25:54.162018800,0.076018800,0
'2026-08-22 08:25:54.162018900,0.076018900,1
'2026-08-22 08:25:54.162019200,0.076019200,0
'2026-08-22 08:25:54.162019500,0.076019500,1
'2026-08-22 08:25:54.162036900,0.076036900,0
'2026-08-22 08:25:54.162037100,0.076037100,1
'2026-08-22 08:25:54.162038200,0.076038200,0
'2026-08-22 08:25:54.162038300,0.076038300,1
'2026-08-22 08:25:54.162039500,0.076039500,0
'2026-08-22 08:25:54.162039600,0.076039600,1
'2026-08-22 08:25:54.162039700,0.076039700,0
'2026-08-22 08:25:54.162039900,0.076039900,1
'2026-08-22 08:25:54.162040200,0.076040200,0
'2026-08-22 08:25:54.162040400,0.076040400,1
'2026-08-22 08:25:54.162040900,0.076040900,0
'2026-08-22 08:25:54.162041200,0.076041200,1
'2026-08-22 08:25:54.162041600,0.076041600,0
'2026-08-22 08:25:54.162041700,0.076041700,1
'2026-08-22 08:25:54.162043400,0.076043400,0
'2026-08-22 08:25:54.162043600,0.076043600,1
'2026-08-22 08:25:54.162044400,0.076044400,0
'2026-08-22 08:25:54.162044500,0.076044500,1
'2026-08-22 08:25:54.162045800,0.076045800,0
'2026-08-22 08:25:54.162045900,0.076045900,1
'2026-08-22 08:25:54.162070800,0.076070800,0
'2026-08-22 08:25:54.162070900,0.076070900,1
'2026-08-22 08:25:54.162169200,0.076169200,0
'2026-08-22 08:25:54.162169900,0.076169900,1
'2026-08-22 08:25:54.162171400,0.076171400,0
'2026-08-22 08:25:54.162171500,0.076171500,1
'2026-08-22 08:25:54.162171600,0.076171600,0
'2026-08-22 08:25:54.162172100,0.076172100,1
'2026-08-22 08:25:54.162173600,0.076173600,0
'2026-08-22 08:25:54.162173800,0.076173800,1
'2026-08-22 08:25:54.162176100,0.076176100,0
'2026-08-22 08:25:54.162176200,0.076176200,1
'2026-08-22 08:25:54.163625500,0.077625500,0
'2026-08-22 08:25:54.163625700,0.077625700,1
'2026-08-22 08:25:54.163625900,0.077625900,0
'2026-08-22 08:25:54.163626400,0.077626400,1
'2026-08-22 08:25:54.163626500,0.077626500,0
'2026-08-22 08:25:54.163626900,0.077626900,1
'2026-08-22 08:25:54.163627100,0.077627100,0
'2026-08-22 08:25:54.163627500,0.077627500,1
'2026-08-22 08:25:54.163627600,0.077627600,0
'2026-08-22 08:25:54.163628100,0.077628100,1
'2026-08-22 08:25:54.163628200,0.077628200,0
'2026-08-22 08:25:54.163628500,0.077628500,1
'2026-08-22 08:25:54.163628800,0.077628800,0
'2026-08-22 08:25:54.163628900,0.077628900,1
'2026-08-22 08:25:54.163629000,0.077629000,0
'2026-08-22 08:25:54.163629100,0.077629100,1
'2026-08-22 08:25:54.163629200,0.077629200,0
'2026-08-22 08:25:54.163629400,0.077629400,1
'2026-08-22 08:25:54.163629500,0.077629500,0
'2026-08-22 08:25:54.163629700,0.077629700,1
'2026-08-22 08:25:54.163629800,0.077629800,0
'2026-08-22 08:25:54.163629900,0.077629900,1
'2026-08-22 08:25:54.163630000,0.077630000,0
'2026-08-22 08:25:54.163630200,0.077630200,1
'2026-08-22 08:25:54.163630300,0.077630300,0
'2026-08-22 08:25:54.163630400,0.077630400,1
'2026-08-22 08:25:54.163630600,0.077630600,0
'2026-08-22 08:25:54.163630700,0.077630700,1
'2026-08-22 08:25:54.163630900,0.077630900,0
'2026-08-22 08:25:54.163631000,0.077631000,1
'2026-08-22 08:25:54.163631200,0.077631200,0
'2026-08-22 08:25:54.163631600,0.077631600,1
'2026-08-22 08:25:54.163631900,0.077631900,0
'2026-08-22 08:25:54.163632000,0.077632000,1
'2026-08-22 08:25:54.163632400,0.077632400,0
'2026-08-22 08:25:54.163632500,0.077632500,1
'2026-08-22 08:25:54.163633000,0.077633000,0
'2026-08-22 08:25:54.163633100,0.077633100,1
'2026-08-22 08:25:54.163633500,0.077633500,0
'2026-08-22 08:25:54.163634100,0.077634100,1
'2026-08-22 08:25:54.163634200,0.077634200,0
'2026-08-22 08:25:54.163634500,0.077634500,1
'2026-08-22 08:25:54.163650000,0.077650000,0
'2026-08-22 08:25:54.163650100,0.077650100,1
'2026-08-22 08:25:54.163653000,0.077653000,0
'2026-08-22 08:25:54.163653200,0.077653200,1
'2026-08-22 08:25:54.163653400,0.077653400,0
'2026-08-22 08:25:54.163653600,0.077653600,1
'2026-08-22 08:25:54.163654000,0.077654000,0
'2026-08-22 08:25:54.163654300,0.077654300,1
'2026-08-22 08:25:54.163654600,0.077654600,0
'2026-08-22 08:25:54.163654900,0.077654900,1
'2026-08-22 08:25:54.163655100,0.077655100,0
'2026-08-22 08:25:54.163655500,0.077655500,1
'2026-08-22 08:25:54.163655700,0.077655700,0
'2026-08-22 08:25:54.163656100,0.077656100,1
'2026-08-22 08:25:54.163656200,0.077656200,0
'2026-08-22 08:25:54.163656300,0.077656300,1
'2026-08-22 08:25:54.163656400,0.077656400,0
'2026-08-22 08:25:54.163656700,0.077656700,1
'2026-08-22 08:25:54.163656800,0.077656800,0
'2026-08-22 08:25:54.163657200,0.077657200,1
'2026-08-22 08:25:54.163657500,0.077657500,0
'2026-08-22 08:25:54.163657800,0.077657800,1
'2026-08-22 08:25:54.163658000,0.077658000,0
'2026-08-22 08:25:54.163658100,0.077658100,1
'2026-08-22 08:25:54.163658200,0.077658200,0
'2026-08-22 08:25:54.163658300,0.077658300,1
'2026-08-22 08:25:54.163658600,0.077658600,0
'2026-08-22 08:25:54.163658900,0.077658900,1
'2026-08-22 08:25:54.163659500,0.077659500,0
'2026-08-22 08:25:54.163659600,0.077659600,1
'2026-08-22 08:25:54.163660300,0.077660300,0
'2026-08-22 08:25:54.163660500,0.077660500,1
'2026-08-22 08:25:54.163676300,0.077676300,0
'2026-08-22 08:25:54.163676500,0.077676500,1
'2026-08-22 08:25:54.163676700,0.077676700,0
'2026-08-22 08:25:54.163676800,0.077676800,1
'2026-08-22 08:25:54.163677000,0.077677000,0
'2026-08-22 08:25:54.163677100,0.077677100,1
'2026-08-22 08:25:54.163677400,0.077677400,0
'2026-08-22 08:25:54.163677700,0.077677700,1
'2026-08-22 08:25:54.163677800,0.077677800,0
'2026-08-22 08:25:54.163677900,0.077677900,1
'2026-08-22 08:25:54.163678200,0.077678200,0
'2026-08-22 08:25:54.163678300,0.077678300,1
'2026-08-22 08:25:54.163678600,0.077678600,0
'2026-08-22 08:25:54.163678900,0.077678900,1
'2026-08-22 08:25:54.163679200,0.077679200,0
'2026-08-22 08:25:54.163679300,0.077679300,1
'2026-08-22 08:25:54.163685100,0.077685100,0
'2026-08-22 08:25:54.163685200,0.077685200,1
'2026-08-22 08:25:54.163685700,0.077685700,0
'2026-08-22 08:25:54.163685800,0.077685800,1
'2026-08-22 08:25:54.163686200,0.077686200,0
'2026-08-22 08:25:54.163686600,0.077686600,1
'2026-08-22 08:25:54.163707800,0.077707800,0
'2026-08-22 08:25:54.163708000,0.077708000,1
'2026-08-22 08:25:54.163709000,0.077709000,0
'2026-08-22 08:25:54.163709100,0.077709100,1
'2026-08-22 08:25:54.163737600,0.077737600,0
'2026-08-22 08:25:54.163737700,0.077737700,1
'2026-08-22 08:25:54.165245200,0.079245200,0
'2026-08-22 08:25:54.165245300,0.079245300,1
'2026-08-22 08:25:54.165245600,0.079245600,0
'2026-08-22 08:25:54.165246000,0.079246000,1
'2026-08-22 08:25:54.165246200,0.079246200,0
'2026-08-22 08:25:54.165246600,0.079246600,1
'2026-08-22 08:25:54.165246800,0.079246800,0
'2026-08-22 08:25:54.165247100,0.079247100,1
'2026-08-22 08:25:54.165247200,0.079247200,0
'2026-08-22 08:25:54.165247300,0.079247300,1
'2026-08-22 08:25:54.165247400,0.079247400,0
'2026-08-22 08:25:54.165247800,0.079247800,1
'2026-08-22 08:25:54.165248000,0.079248000,0
'2026-08-22 08:25:54.165248400,0.079248400,1
'2026-08-22 08:25:54.165248500,0.079248500,0
'2026-08-22 08:25:54.165248600,0.079248600,1
'2026-08-22 08:25:54.165265500,0.079265500,0
'2026-08-22 08:25:54.165265900,0.079265900,1
'2026-08-22 08:25:54.165266200,0.079266200,0
'2026-08-22 08:25:54.165266500,0.079266500,1
'2026-08-22 08:25:54.165266600,0.079266600,0
'2026-08-22 08:25:54.165267100,0.079267100,1
'2026-08-22 08:25:54.165267200,0.079267200,0
'2026-08-22 08:25:54.165267300,0.079267300,1
'2026-08-22 08:25:54.165267400,0.079267400,0
'2026-08-22 08:25:54.165267700,0.079267700,1
'2026-08-22 08:25:54.165267900,0.079267900,0
'2026-08-22 08:25:54.165268300,0.079268300,1
'2026-08-22 08:25:54.165268400,0.079268400,0
'2026-08-22 08:25:54.165268500,0.079268500,1
'2026-08-22 08:25:54.165268600,0.079268600,0
'2026-08-22 08:25:54.165268700,0.079268700,1
'2026-08-22 08:25:54.165269000,0.079269000,0
'2026-08-22 08:25:54.165269300,0.079269300,1
'2026-08-22 08:25:54.165269400,0.079269400,0
'2026-08-22 08:25:54.165269500,0.079269500,1
'2026-08-22 08:25:54.165269600,0.079269600,0
'2026-08-22 08:25:54.165269700,0.079269700,1
'2026-08-22 08:25:54.165269800,0.079269800,0
'2026-08-22 08:25:54.165269900,0.079269900,1
'2026-08-22 08:25:54.165270200,0.079270200,0
'2026-08-22 08:25:54.165270600,0.079270600,1
'2026-08-22 08:25:54.165270700,0.079270700,0
'2026-08-22 08:25:54.165271200,0.079271200,1
'2026-08-22 08:25:54.165271300,0.079271300,0
'2026-08-22 08:25:54.165271700,0.079271700,1
'2026-08-22 08:25:54.165272000,0.079272000,0
'2026-08-22 08:25:54.165272100,0.079272100,1
'2026-08-22 08:25:54.165272200,0.079272200,0
'2026-08-22 08:25:54.165272300,0.079272300,1
'2026-08-22 08:25:54.165272400,0.079272400,0
'2026-08-22 08:25:54.165272500,0.079272500,1
'2026-08-22 08:25:54.165272600,0.079272600,0
'2026-08-22 08:25:54.165273500,0.079273500,1
'2026-08-22 08:25:54.165273600,0.079273600,0
'2026-08-22 08:25:54.165274100,0.079274100,1
'2026-08-22 08:25:54.165274200,0.079274200,0
'2026-08-22 08:25:54.165274700,0.079274700,1
'2026-08-22 08:25:54.165290800,0.079290800,0
'2026-08-22 08:25:54.165290900,0.079290900,1
'2026-08-22 08:25:54.165291900,0.079291900,0
'2026-08-22 08:25:54.165292100,0.079292100,1
'2026-08-22 08:25:54.165292400,0.079292400,0
'2026-08-22 08:25:54.165292700,0.079292700,1
'2026-08-22 08:25:54.165293000,0.079293000,0
'2026-08-22 08:25:54.165293600,0.079293600,1
'2026-08-22 08:25:54.165293800,0.079293800,0
'2026-08-22 08:25:54.165293900,0.079293900,1
'2026-08-22 08:25:54.165294200,0.079294200,0
'2026-08-22 08:25:54.165294300,0.079294300,1
'2026-08-22 08:25:54.165294400,0.079294400,0
'2026-08-22 08:25:54.165294500,0.079294500,1
'2026-08-22 08:25:54.165295500,0.079295500,0
'2026-08-22 08:25:54.165295700,0.079295700,1
'2026-08-22 08:25:54.165295900,0.079295900,0
'2026-08-22 08:25:54.165296300,0.079296300,1
'2026-08-22 08:25:54.165296400,0.079296400,0
'2026-08-22 08:25:54.165296500,0.079296500,1
'2026-08-22 08:25:54.165296600,0.079296600,0
'2026-08-22 08:25:54.165296700,0.079296700,1
'2026-08-22 08:25:54.165296800,0.079296800,0
'2026-08-22 08:25:54.165296900,0.079296900,1
'2026-08-22 08:25:54.165297100,0.079297100,0
'2026-08-22 08:25:54.165297500,0.079297500,1
'2026-08-22 08:25:54.165298400,0.079298400,0
'2026-08-22 08:25:54.165298600,0.079298600,1
'2026-08-22 08:25:54.165299600,0.079299600,0
'2026-08-22 08:25:54.165299700,0.079299700,1
'2026-08-22 08:25:54.165300600,0.079300600,0
'2026-08-22 08:25:54.165300800,0.079300800,1
'2026-08-22 08:25:54.165317100,0.079317100,0
'2026-08-22 08:25:54.165317300,0.079317300,1
'2026-08-22 08:25:54.165319500,0.079319500,0
'2026-08-22 08:25:54.165319600,0.079319600,1
'2026-08-22 08:25:54.165322600,0.079322600,0
'2026-08-22 08:25:54.165322700,0.079322700,1
'2026-08-22 08:25:54.165323700,0.079323700,0
'2026-08-22 08:25:54.165323800,0.079323800,1
'2026-08-22 08:25:54.165324800,0.079324800,0
'2026-08-22 08:25:54.165324900,0.079324900,1
'2026-08-22 08:25:54.165348100,0.079348100,0
'2026-08-22 08:25:54.165348200,0.079348200,1
'2026-08-22 08:25:54.165350400,0.079350400,0
'2026-08-22 08:25:54.165350500,0.079350500,1
'2026-08-22 08:25:54.206385000,0.120385000,0
'2026-08-22 08:25:54.206385100,0.120385100,1
'2026-08-22 08:25:54.206389000,0.120389000,0
'2026-08-22 08:25:54.206389100,0.120389100,1
'2026-08-22 08:25:54.206409000,0.120409000,0
'2026-08-22 08:25:54.206409100,0.120409100,1
'2026-08-22 08:25:54.206414900,0.120414900,0
'2026-08-22 08:25:54.206415000,0.120415000,1
'2026-08-22 08:25:54.286000000,0.200000000,0
